爱,1
爱好,1
八,1
爸爸,1
吧,1
白,1
白天,1
百,1
班,1
半,1
半年,1
半天,1
帮,1
帮忙,1
包,1
包子,1
杯,1
杯子,1
北,1
北边,1
北京,1
本,1
本子,1
比,1
别,1
别的,1
别人,1
病,1
病人,1
不大,1
不对,1
不客气,1
不用,1
不,1
菜,1
茶,1
差,1
常,1
常常,1
唱,1
唱歌,1
车,1
车票,1
车上,1
车站,1
吃,1
吃饭,1
出,1
出来,1
出去,1
穿,1
床,1
次,1
从,1
错,1
打,1
打车,1
打电话,1
打开,1
打球,1
大,1
大学,1
大学生,1
到,1
得到,1
地,1
的,1
等,1
地点,1
地方,1
地上,1
地图,1
弟弟,1
第,1
点,1
电,1
电话,1
电脑,1
电视,1
电视机,1
电影,1
电影院,1
东,1
东边,1
东西,1
动,1
动作,1
都,1
读,1
读书,1
对,1
对不起,1
多,1
多少,1
饿,1
儿子,1
二,1
饭,1
饭店,1
房间,1
房子,1
放,1
放假,1
放学,1
飞,1
飞机,1
非常,1
分,1
风,1
干,1
干净,1
干什么,1
高,1
高兴,1
告诉,1
哥哥,1
歌,1
个,1
给,1
跟,1
工人,1
工作,1
关,1
关上,1
贵,1
国,1
国家,1
国外,1
过,1
还,1
还是,1
还有,1
孩子,1
汉语,1
汉字,1
好,1
好吃,1
好看,1
好听,1
好玩儿,1
号,1
喝,1
和,1
很,1
后,1
后边,1
后天,1
花,1
话,1
坏,1
回,1
回答,1
回到,1
回家,1
回来,1
回去,1
会,1
火车,1
机场,1
机票,1
鸡蛋,1
几,1
记,1
记得,1
记住,1
家,1
家里,1
家人,1
间,1
见,1
见面,1
教,1
叫,1
教学楼,1
姐姐,1
介绍,1
今年,1
今天,1
进,1
进来,1
进去,1
九,1
就,1
觉得,1
开,1
开车,1
开会,1
开玩笑,1
看,1
看病,1
看到,1
看见,1
考,1
考试,1
渴,1
课,1
课本,1
课文,1
口,1
块,1
快,1
来,1
来到,1
老,1
老人,1
老师,1
了,1
累,1
冷,1
里,1
里边,1
两,1
零,1
六,1
楼,1
楼上,1
楼下,1
路,1
路口,1
路上,1
妈妈,1
马路,1
马上,1
吗,1
买,1
慢,1
忙,1
毛,1
没,1
没关系,1
没什么,1
没事儿,1
没有,1
妹妹,1
门,1
门口,1
门票,1
们,1
米饭,1
面包,1
面条儿,1
名字,1
明白,1
明年,1
明天,1
拿,1
哪,1
哪里,1
哪儿,1
哪些,1
那,1
那边,1
那里,1
那儿,1
那些,1
奶,1
奶奶,1
男,1
男孩儿,1
男朋友,1
男人,1
男生,1
南,1
南边,1
难,1
呢,1
能,1
你,1
你们,1
年,1
您,1
牛奶,1
女,1
女儿,1
女孩儿,1
女朋友,1
女人,1
女生,1
旁边,1
跑,1
朋友,1
票,1
七,1
起,1
起床,1
起来,1
汽车,1
前,1
前边,1
前天,1
钱,1
钱包,1
请,1
请假,1
请进,1
请问,1
请坐,1
球,1
去,1
去年,1
热,1
人,1
认识,1
认真,1
日,1
日期,1
肉,1
三,1
山,1
商场,1
商店,1
上,1
上班,1
上边,1
上车,1
上次,1
上课,1
上网,1
上午,1
上学,1
少,1
谁,1
身上,1
身体,1
什么,1
生病,1
生气,1
生日,1
十,1
时候,1
时间,1
事,1
试,1
是,1
是不是,1
手,1
手机,1
书,1
书包,1
书店,1
树,1
水,1
水果,1
睡,1
睡觉,1
说,1
说话,1
四,1
送,1
岁,1
他,1
他们,1
她,1
她们,1
太,1
天,1
天气,1
听,1
听到,1
听见,1
听写,1
同学,1
图书馆,1
外,1
外边,1
外国,1
外语,1
玩儿,1
晚,1
晚饭,1
晚上,1
网上,1
网友,1
忘,1
忘记,1
问,1
我,1
我们,1
五,1
午饭,1
西,1
西边,1
洗,1
洗手间,1
喜欢,1
下,1
下班,1
下边,1
下车,1
下次,1
下课,1
下午,1
下雨,1
先,1
先生,1
现在,1
想,1
小,1
小孩儿,1
小姐,1
小朋友,1
小时,1
小学,1
小学生,1
笑,1
写,1
谢谢,1
新,1
新年,1
星期,1
星期日,1
星期天,1
行,1
休息,1
学,1
学生,1
学习,1
学校,1
学院,1
要,1
爷爷,1
也,1
页,1
一,1
衣服,1
医生,1
医院,1
一半,1
一会儿,1
一块儿,1
一下儿,1
一样,1
一边,1
一点儿,1
一起,1
一些,1
用,1
有,1
有的,1
有名,1
有时候,1
有些,1
有用,1
右,1
右边,1
雨,1
元,1
远,1
月,1
再,1
再见,1
在,1
在家,1
早,1
早饭,1
早上,1
怎么,1
站,1
找,1
找到,1
这,1
这边,1
这里,1
这儿,1
这些,1
着,1
真,1
真的,1
正,1
正在,1
知道,1
知识,1
中,1
中国,1
中间,1
中文,1
中午,1
中学,1
中学生,1
重,1
重要,1
住,1
准备,1
桌子,1
字,1
子,1
走,1
走路,1
最,1
最好,1
最后,1
昨天,1
左,1
左边,1
坐,1
坐下,1
做,1
啊,2
爱情,2
爱人,2
安静,2
安全,2
白色,2
班长,2
办,2
办法,2
办公室,2
半夜,2
帮助,2
饱,2
报名,2
报纸,2
北方,2
背,2
比如,2
比如说,2
笔,2
笔记,2
笔记本,2
必须,2
边,2
变,2
变成,2
遍,2
表,2
示,2
不错,2
不但,2
不够,2
不过,2
不太,2
不要,2
不好意思,2
不久,2
不满,2
不如,2
不少,2
不同,2
不行,2
不一定,2
不一会儿,2
部分,2
才,2
菜单,2
参观,2
参加,2
草,2
草地,2
层,2
查,2
差不多,2
长,2
常见,2
常用,2
场,2
超过,2
超市,2
车辆,2
称,2
成,2
成绩,2
成为,2
重复,2
重新,2
出发,2
出国,2
出口,2
出门,2
出生,2
出现,2
出院,2
出租,2
出租车,2
船,2
吹,2
春节,2
春天,2
词,2
词典,2
词语,2
从小,2
答应,2
打工,2
打算,2
打印,2
大部分,2
大大,2
大多数,2
大海,2
大家,2
大量,2
大门,2
大人,2
大声,2
大小,2
大衣,2
大自然,2
带,2
带来,2
单位,2
但,2
但是,2
蛋,2
当,2
当时,2
倒,2
到处,2
道,2
道理,2
道路,2
得,2
得出,2
的话,2
灯,2
等到,2
等于,2
低,2
地球,2
地铁,2
地铁站,2
点头,2
店,2
掉,2
东北,2
东方,2
东南,2
冬天,2
懂,2
懂得,2
动物,2
动物园,2
读音,2
度,2
短,2
短信,2
段,2
队,2
队长,2
对话,2
对面,2
多久,2
多么,2
多数,2
多云,2
而且,2
发,2
发现,2
饭馆,2
方便,2
方便面,2
方法,2
方面,2
方向,2
放下,2
放心,2
分开,2
分数,2
分钟,2
份,2
封,2
服务,2
复习,2
该,2
改,2
改变,2
干杯,2
感到,2
感动,2
感觉,2
感谢,2
干活儿,2
刚,2
刚才,2
刚刚,2
高级,2
高中,2
个子,2
更,2
公共汽车,2
公交车,2
公斤,2
公里,2
公路,2
公平,2
公司,2
公园,2
狗,2
够,2
故事,2
故意,2
顾客,2
关机,2
关心,2
观点,2
广场,2
广告,2
国际,2
过来,2
过年,2
过去,2
海,2
海边,2
喊,2
好处,2
好多,2
好久,2
好人,2
好事,2
好像,2
合适,2
河,2
黑,2
黑板,2
黑色,2
红,2
红色,2
后来,2
忽然,2
湖,2
护照,2
花园,2
画,2
画家,2
画儿,2
坏处,2
坏人,2
欢迎,2
换,2
黄,2
黄色,2
回国,2
活动,2
或,2
或者,2
机会,2
鸡,2
级,2
急,2
计划,2
计算机,2
加,2
加油,2
家庭,2
家长,2
假,2
假期,2
检查,2
见到,2
见过,2
件,2
健康,2
讲,2
讲话,2
交,2
交给,2
交朋友,2
交通,2
角,2
角度,2
饺子,2
脚,2
叫作,2
教师,2
教室,2
教学,2
教育,2
接,2
接到,2
接受,2
接下来,2
接着,2
街,2
节,2
节目,2
节日,2
结果,2
借,2
斤,2
今后,2
进入,2
进行,2
近,2
经常,2
经过,2
经理,2
酒,2
酒店,2
就要,2
举,2
举手,2
举行,2
句,2
句子,2
卡,2
开机,2
开心,2
开学,2
看法,2
考生,2
靠,2
科,2
科学,2
可爱,2
可能,2
可怕,2
可是,2
可以,2
克,2
刻,2
客人,2
课堂,2
空气,2
哭,2
快餐,2
快点儿,2
快乐,2
快要,2
筷子,2
拉,2
来自,2
蓝,2
蓝色,2
篮球,2
老年,2
老朋友,2
老是,2
离,2
离开,2
礼物,2
里头,2
理想,2
例如,2
例子,2
脸,2
练,2
练习,2
凉,2
凉快,2
亮,2
辆,2
零下,2
留,2
留下,2
留学生,2
流,2
流利,2
流行,2
路边,2
旅客,2
旅行,2
旅游,2
绿,2
绿色,2
卖,2
满,2
满意,2
猫,2
米,2
面,2
面前,2
名,2
名称,2
名单,2
明星,2
目的,2
拿出,2
拿到,2
那会儿,2
那么,2
那时候,2
那样,2
南方,2
难过,2
难看,2
难受,2
难题,2
难听,2
能够,2
年级,2
年轻,2
鸟,2
弄,2
努力,2
爬,2
爬山,2
怕,2
排,2
排队,2
排球,2
碰,2
碰到,2
碰见,2
篇,2
便宜,2
片,2
漂亮,2
平,2
平安,2
平常,2
平等,2
平时,2
瓶,2
瓶子,2
普通,2
普通话,2
其他,2
其中,2
骑,2
骑车,2
起飞,2
气,2
气温,2
千,2
千克,2
前年,2
墙,2
青年,2
青少年,2
轻,2
清楚,2
晴,2
晴天,2
请客,2
请求,2
秋天,2
求,2
球场,2
球队,2
球鞋,2
取,2
取得,2
全,2
全部,2
全国,2
全家,2
全年,2
全身,2
全体,2
然后,2
让,2
热情,2
人口,2
人们,2
人数,2
认为,2
日报,2
日子,2
如果,2
入口,2
商量,2
商人,2
上周,2
少数,2
少年,2
身边,2
什么样,2
生,2
生词,2
生活,2
声音,2
省,2
十分,2
实际,2
实习,2
实现,2
实在,2
食物,2
使用,2
市,2
市长,2
事情,2
收,2
收到,2
收入,2
手表,2
受到,2
舒服,2
熟,2
数,2
数字,2
水平,2
顺利,2
说明,2
司机,2
送到,2
送给,2
算,2
虽然,2
随便,2
随时,2
所以,2
所有,2
它,2
它们,2
太太,2
太阳,2
态度,2
讨论,2
套,2
特别,2
特点,2
疼,2
提,2
提出,2
提到,2
提高,2
题,2
体育,2
体育场,2
体育馆,2
天上,2
条,2
条件,2
听讲,2
听说,2
停,2
停车,2
停车场,2
挺,2
挺好,2
通,2
通过,2
通知,2
同时,2
同事,2
同样,2
头,2
头发,2
图片,2
推,2
腿,2
外地,2
外卖,2
完,2
完成,2
完全,2
晚安,2
晚报,2
晚餐,2
晚会,2
碗,2
万,2
网,2
网球,2
网站,2
往,2
为,2
为什么,2
位,2
味道,2
喂,2
温度,2
闻,2
问路,2
问题,2
午餐,2
午睡,2
西北,2
西餐,2
西方,2
西南,2
西医,2
习惯,2
洗衣机,2
洗澡,2
下雪,2
下周,2
夏天,2
相同,2
相信,2
响,2
想到,2
想法,2
想起,2
向,2
相机,2
像,2
小声,2
小时候,2
小说,2
小心,2
小组,2
校园,2
校长,2
笑话,2
笑话儿,2
鞋,2
心里,2
心情,2
心中,2
新闻,2
信,2
信号,2
信息,2
信心,2
信用卡,2
星星,2
行动,2
行人,2
行为,2
姓,2
姓名,2
休假,2
许多,2
选,2
学期,2
雪,2
颜色,2
眼,2
眼睛,2
养,2
样子,2
要求,2
药,2
药店,2
药片,2
药水,2
也许,2
夜,2
夜里,2
一部分,2
一定,2
一共,2
一路平安,2
一路顺风,2
已经,2
以后,2
以前,2
以上,2
以外,2
以为,2
以下,2
椅子,2
一般,2
一点点,2
一生,2
一直,2
亿,2
意见,2
意思,2
因为,2
阴,2
阴天,2
音节,2
音乐,2
音乐会,2
银行,2
银行卡,2
应该,2
英文,2
英语,2
影片,2
影响,2
永远,2
油,2
游客,2
友好,2
有空儿,2
有人,2
有点儿,2
有意思,2
又,2
鱼,2
语言,2
原来,2
原因,2
院,2
院长,2
院子,2
愿意,2
月份,2
月亮,2
越,2
越来越,2
云,2
运动,2
咱,2
咱们,2
脏,2
早餐,2
早晨,2
早就,2
怎么办,2
怎么样,2
怎样,2
占,2
站住,2
长大,2
找出,2
照顾,2
照片,2
照相,2
这么,2
这时候,2
这样,2
真正,2
正常,2
正好,2
正确,2
正是,2
直接,2
只,2
只能,2
只要,2
纸,2
中餐,2
中级,2
中年,2
中小学,2
中心,2
中医,2
重点,2
重视,2
周,2
周末,2
周年,2
主人,2
主要,2
住房,2
住院,2
装,2
准确,2
自己,2
自行车,2
自由,2
字典,2
走过,2
走进,2
走开,2
租,2
组,2
组成,2
组长,2
嘴,2
最近,2
作家,2
作文,2
作业,2
作用,2
座,2
座位,2
做到,2
做法,2
做饭,2
爱心,3
安排,3
安装,3
按,3
按照,3
把,3
把握,3
白菜,3
班级,3
搬,3
搬家,3
板,3
办理,3
保,3
保安,3
保持,3
保存,3
保护,3
保留,3
保险,3
保证,3
报,3
报到,3
报道,3
报告,3
北部,3
背后,3
被,3
被子,3
本来,3
本领,3
本事,3
比较,3
比例,3
比赛,3
必然,3
必要,3
变化,3
变为,3
标题,3
标准,3
表达,3
表格,3
表面,3
表明,3
表现,3
表演,3
并,3
并且,3
播出,3
播放,3
不必,3
不断,3
不论,3
补,3
补充,3
不安,3
不得不,3
不光,3
不仅,3
布,3
步,3
部,3
部门,3
部长,3
才能,3
采取,3
采用,3
彩色,3
曾经,3
产生,3
长城,3
长处,3
长期,3
厂,3
场合,3
场所,3
超级,3
朝,3
吵,3
吵架,3
衬衫,3
衬衣,3
称为,3
成功,3
成果,3
成就,3
成立,3
成熟,3
成员,3
成长,3
城,3
城市,3
程度,3
持续,3
充满,3
初,3
初步,3
初级,3
初中,3
除了,3
处理,3
传,3
传播,3
传来,3
传说,3
创新,3
创业,3
创造,3
创作,3
从来,3
从前,3
从事,3
村,3
存,3
存在,3
错误,3
达到,3
打破,3
打听,3
大概,3
大使馆,3
大约,3
大夫,3
代,3
代表,3
代表团,3
带动,3
带领,3
单元,3
当初,3
当地,3
当然,3
当中,3
刀,3
导演,3
到达,3
到底,3
得分,3
等待,3
底下,3
地区,3
电视剧,3
电视台,3
电台,3
电子邮件,3
调,3
调查,3
订,3
定期,3
东部,3
动力,3
动人,3
读者,3
短处,3
短裤,3
短期,3
断,3
队员,3
对待,3
对方,3
对手,3
对象,3
顿,3
发表,3
发出,3
发达,3
发动,3
发明,3
发生,3
发送,3
发言,3
发展,3
反对,3
反复,3
反应,3
反正,3
范围,3
方式,3
防,3
防止,3
房东,3
房屋,3
房租,3
访问,3
放到,3
飞行,3
费,3
费用,3
分别,3
分配,3
分组,3
丰富,3
风险,3
否定,3
否认,3
服装,3
福,3
父母,3
父亲,3
付,3
负责,3
复印,3
复杂,3
富,3
改进,3
改造,3
概念,3
赶,3
赶到,3
赶紧,3
赶快,3
敢,3
感冒,3
感情,3
感受,3
干吗,3
高速,3
高速公路,3
告别,3
歌迷,3
歌声,3
歌手,3
个人,3
个性,3
各,3
各地,3
各位,3
各种,3
各自,3
根本,3
更加,3
工厂,3
工程师,3
工夫,3
工具,3
工业,3
工资,3
公布,3
公共,3
公开,3
公民,3
公务员,3
功夫,3
功课,3
功能,3
共同,3
共有,3
姑娘,3
古,3
古代,3
故乡,3
挂,3
关系,3
关注,3
观察,3
观看,3
观念,3
观众,3
管,3
管理,3
光,3
光明,3
广播,3
广大,3
规定,3
规范,3
国内,3
国庆,3
果然,3
果汁,3
过程,3
哈哈,3
海关,3
害怕,3
好好,3
好奇,3
合,3
合法,3
合格,3
合理,3
合作,3
和平,3
红茶,3
红酒,3
后果,3
后面,3
后年,3
互联网,3
互相,3
划船,3
华人,3
化,3
话剧,3
话题,3
欢乐,3
环,3
环保,3
环境,3
会议,3
会员,3
活,3
火,3
机器,3
积极,3
基本,3
基本上,3
基础,3
及时,3
…极了,3
集体,3
集中,3
计算,3
记录,3
记者,3
纪录,3
纪念,3
技术,3
继续,3
加工,3
加快,3
加强,3
家具,3
家属,3
家乡,3
价格,3
价钱,3
价值,3
架,3
坚持,3
坚决,3
坚强,3
简单,3
简直,3
建,3
建成,3
建立,3
建设,3
建议,3
将近,3
将来,3
交费,3
交警,3
交流,3
交往,3
交易,3
较,3
教材,3
教练,3
结实,3
接待,3
接近,3
节约,3
结合,3
结婚,3
结束,3
解决,3
解开,3
金,3
金牌,3
仅,3
仅仅,3
尽量,3
紧,3
紧急,3
紧张,3
进步,3
进一步,3
进展,3
近期,3
京剧,3
经济,3
经历,3
经验,3
经营,3
精彩,3
精神,3
景色,3
警察,3
静,3
久,3
旧,3
救,3
就是,3
就业,3
举办,3
具体,3
具有,3
剧场,3
据说,3
决定,3
决赛,3
决心,3
绝对,3
咖啡,3
开发,3
开放,3
开始,3
开业,3
开展,3
看起来,3
看上去,3
考验,3
科技,3
可靠,3
可乐,3
克服,3
客观,3
课程,3
空,3
空调,3
恐怕,3
空儿,3
裤子,3
快速,3
困,3
困难,3
浪费,3
老百姓,3
老板,3
老太太,3
老头儿,3
乐,3
乐观,3
类,3
类似,3
离婚,3
里面,3
理发,3
理解,3
理论,3
理由,3
力,3
力量,3
立刻,3
利用,3
连,3
连忙,3
连续,3
连续剧,3
联合,3
联合国,3
联系,3
凉水,3
领,3
领导,3
领先,3
另外,3
另一方面,3
留学,3
龙,3
录,3
录音,3
路线,3
旅馆,3
旅行社,3
绿茶,3
乱,3
落后,3
麻烦,3
马,3
满足,3
慢慢,3
毛病,3
没用,3
媒体,3
每,3
美,3
美好,3
美丽,3
美食,3
美术,3
美元,3
迷,3
面对,3
面积,3
民间,3
民族,3
明确,3
明显,3
命运,3
某,3
母亲,3
木头,3
目标,3
目前,3
奶茶,3
男子,3
南部,3
难道,3
难度,3
内,3
内容,3
内心,3
能不能,3
能力,3
年初,3
年代,3
年底,3
年纪,3
念,3
牛,3
农村,3
农民,3
农业,3
女子,3
暖和,3
拍,3
排名,3
牌子,3
派,3
判断,3
胖,3
跑步,3
配,3
配合,3
批评,3
批准,3
皮,3
皮包,3
啤酒,3
票价,3
评价,3
苹果,3
破,3
破坏,3
普遍,3
普及,3
期,3
齐,3
其次,3
其实,3
奇怪,3
气候,3
千万,3
前后,3
前进,3
前面,3
前往,3
强,3
强大,3
强调,3
强烈,3
桥,3
巧,3
亲,3
亲切,3
亲人,3
亲自,3
情感,3
情况,3
请教,3
庆祝,3
球迷,3
区,3
区别,3
取消,3
去世,3
全场,3
全面,3
全球,3
缺,3
缺点,3
缺少,3
确保,3
确定,3
确实,3
裙子,3
群,3
热爱,3
热烈,3
人才,3
人工,3
人类,3
人民,3
人民币,3
人群,3
人生,3
人员,3
认出,3
认得,3
认可,3
任,3
任何,3
任务,3
仍,3
仍然,3
日常,3
容易,3
如何,3
散步,3
沙发,3
沙子,3
伤,3
伤心,3
商品,3
商业,3
上来,3
上面,3
上去,3
上升,3
上衣,3
设备,3
设计,3
设立,3
社会,3
身份证,3
深,3
深刻,3
深入,3
升,3
生产,3
生存,3
生动,3
生命,3
生意,3
生长,3
声明,3
胜,3
胜利,3
失去,3
石头,3
石油,3
时,3
时代,3
时刻,3
实际上,3
实力,3
实行,3
实验,3
实验室,3
食品,3
使,3
始终,3
世纪,3
世界,3
世界杯,3
市场,3
事故,3
事件,3
事实,3
事实上,3
事业,3
试题,3
试验,3
适合,3
适应,3
适用,3
室,3
收费,3
收看,3
收听,3
收音机,3
手续,3
手指,3
首都,3
首先,3
受,3
受伤,3
书架,3
输,3
输入,3
熟人,3
属,3
属于,3
束,3
数量,3
双,3
双方,3
思想,3
死,3
速度,3
随,3
所,3
所长,3
台,3
谈,3
谈话,3
谈判,3
汤,3
糖,3
特色,3
提前,3
提问,3
题目,3
体会,3
体现,3
体验,3
天空,3
甜,3
调整,3
跳,3
跳高,3
跳舞,3
跳远,3
铁,3
铁路,3
听力,3
听众,3
停止,3
通常,3
通信,3
同意,3
痛,3
痛苦,3
头脑,3
突出,3
突然,3
图,3
图画,3
土,3
团,3
团结,3
团体,3
推动,3
推广,3
推进,3
推开,3
退,3
退出,3
退休,3
外交,3
外面,3
外文,3
完美,3
完善,3
完整,3
玩具,3
往往,3
危害,3
危险,3
围,3
伟大,3
卫生,3
卫生间,3
为了,3
温暖,3
文化,3
文件,3
文明,3
文学,3
文章,3
文字,3
握手,3
屋子,3
武器,3
武术,3
舞台,3
西部,3
希望,3
系,3
下来,3
下面,3
下去,3
先进,3
显得,3
显然,3
显示,3
现场,3
现代,3
现金,3
现实,3
现象,3
线,3
相比,3
相当,3
相关,3
相互,3
相似,3
香,3
香蕉,3
消费,3
消失,3
消息,3
效果,3
写作,3
血,3
心,3
信封,3
信任,3
行李,3
形成,3
形式,3
形象,3
形状,3
幸福,3
幸运,3
性,3
性别,3
性格,3
修,3
修改,3
需求,3
需要,3
宣布,3
宣传,3
选手,3
学费,3
训练,3
压,3
压力,3
烟,3
眼前,3
演,3
演唱,3
演唱会,3
演出,3
演员,3
羊,3
阳光,3
要是,3
衣架,3
一切,3
已,3
以来,3
一方面,3
艺术,3
意外,3
意义,3
因此,3
银,3
银牌,3
印象,3
应当,3
迎接,3
营养,3
赢,3
影视,3
应用,3
优点,3
优势,3
由,3
由于,3
邮件,3
邮票,3
邮箱,3
游,3
游戏,3
游泳,3
有的是,3
有利,3
有效,3
预报,3
预防,3
预计,3
预习,3
员,3
员工,3
愿望,3
约,3
乐队,3
运输,3
杂志,3
早已,3
造,3
造成,3
责任,3
增加,3
增长,3
展开,3
张,3
照,3
者,3
真实,3
争,3
争取,3
整,3
整个,3
整理,3
整齐,3
整体,3
整天,3
整整,3
正式,3
证,3
证件,3
证据,3
证明,3
支,3
支持,3
支付,3
直,3
直播,3
直到,3
值,3
值得,3
职工,3
职业,3
只好,3
只是,3
只有,3
指,3
指出,3
指导,3
至今,3
至少,3
志愿,3
志愿者,3
制定,3
制度,3
制造,3
制作,3
中部,3
中华民族,3
终于,3
钟,3
种,3
种子,3
重大,3
周围,3
猪,3
主持,3
主动,3
主任,3
主意,3
主张,3
注意,3
祝,3
抓,3
抓住,3
专家,3
专门,3
专题,3
专业,3
转,3
转变,3
状况,3
状态,3
追,3
准,3
资格,3
资金,3
子女,3
自从,3
自动,3
自觉,3
自然,3
自身,3
自主,3
总,3
总结,3
总是,3
足够,3
足球,3
组合,3
左右,3
作品,3
作者,3
做客,3
阿姨,4
矮,4
矮小,4
爱国,4
爱护,4
安,4
安置,4
按时,4
暗,4
暗示,4
巴士,4
百货,4
摆,4
摆动,4
摆脱,4
败,4
办事,4
包裹,4
包含,4
包括,4
薄,4
宝,4
宝宝,4
宝贝,4
宝贵,4
宝石,4
保密,4
保守,4
抱,4
背景,4
倍,4
被迫,4
本科,4
笨,4
比分,4
毕业,4
毕业生,4
避,4
避免,4
编,4
辩论,4
标志,4
表情,4
表扬,4
冰,4
冰箱,4
冰雪,4
兵,4
不要紧,4
不在乎,4
不管,4
不然,4
布置,4
步行,4
擦,4
材料,4
财产,4
财富,4
采访,4
参考,4
参与,4
操场,4
操作,4
测,4
测量,4
测试,4
曾,4
茶叶,4
产品,4
长途,4
常识,4
唱片,4
抄,4
抄写,4
潮,4
潮流,4
潮湿,4
彻底,4
沉,4
沉默,4
沉重,4
称赞,4
成人,4
诚实,4
诚信,4
承担,4
承认,4
承受,4
程序,4
吃惊,4
迟到,4
尺,4
尺寸,4
尺子,4
冲,4
充电,4
充电器,4
充分,4
虫子,4
抽,4
抽奖,4
抽烟,4
出色,4
出售,4
出席,4
处于,4
处,4
穿上,4
传统,4
窗户,4
窗台,4
窗子,4
春季,4
纯,4
纯净水,4
词汇,4
此,4
此外,4
刺,4
刺激,4
从此,4
粗,4
粗心,4
促进,4
促使,4
促销,4
措施,4
答案,4
打败,4
打雷,4
打扫,4
打折,4
打针,4
大巴,4
大多,4
大方,4
大哥,4
大规模,4
大会,4
大姐,4
大楼,4
大陆,4
大妈,4
大型,4
大爷,4
大众,4
代替,4
待遇,4
袋,4
戴,4
担保,4
担任,4
担心,4
单,4
单纯,4
单调,4
单独,4
淡,4
导游,4
导致,4
倒闭,4
倒车,4
得意,4
灯光,4
登,4
登记,4
登录,4
登山,4
的确,4
敌人,4
底,4
地面,4
地位,4
地下,4
地址,4
典型,4
点名,4
电灯,4
电动车,4
电梯,4
电源,4
顶,4
定,4
冬季,4
动画片,4
动摇,4
豆腐,4
独立,4
独特,4
独自,4
堵,4
堵车,4
肚子,4
度过,4
锻炼,4
对比,4
对付,4
对于,4
多次,4
多年,4
多样,4
多种,4
恶心,4
儿童,4
而,4
而是,4
耳机,4
二手,4
发挥,4
发票,4
发烧,4
法,4
法官,4
法律,4
法院,4
翻,4
翻译,4
烦,4
反,4
反而,4
反映,4
方,4
方案,4
方针,4
放松,4
非,4
肥,4
分布,4
分散,4
分手,4
分为,4
…分之…,4
纷纷,4
奋斗,4
风格,4
风景,4
风俗,4
封闭,4
否则,4
夫妇,4
夫妻,4
夫人,4
符号,4
符合,4
付出,4
负担,4
附近,4
复制,4
改善,4
改正,4
盖,4
概括,4
感兴趣,4
高潮,4
高价,4
高尚,4
高铁,4
格外,4
隔,4
隔开,4
个别,4
个体,4
各个,4
根,4
根据,4
工程,4
公元,4
供应,4
共,4
构成,4
构造,4
购买,4
购物,4
骨头,4
固定,4
瓜,4
怪,4
关闭,4
关于,4
官,4
官方,4
光临,4
光盘,4
逛,4
归,4
规律,4
规模,4
规则,4
果实,4
过分,4
海水,4
海鲜,4
含,4
含量,4
含义,4
含有,4
寒假,4
寒冷,4
行业,4
航班,4
航空,4
毫米,4
毫升,4
好友,4
号码,4
合同,4
黑暗,4
红包,4
后头,4
厚,4
呼吸,4
忽视,4
户,4
护士,4
划,4
怀念,4
怀疑,4
缓解,4
黄瓜,4
黄金,4
回复,4
汇,4
汇报,4
汇率,4
婚礼,4
伙,4
伙伴,4
或许,4
货,4
获,4
获得,4
获奖,4
获取,4
几乎,4
机构,4
机遇,4
积累,4
激动,4
激烈,4
及格,4
极,4
极其,4
即将,4
急忙,4
集合,4
记载,4
纪律,4
技巧,4
季,4
季度,4
季节,4
既,4
既然,4
寄,4
加班,4
加入,4
加油站,4
家务,4
假如,4
坚固,4
检测,4
减,4
减肥,4
减少,4
简历,4
健身,4
渐渐,4
江,4
讲究,4
讲座,4
奖,4
奖金,4
奖学金,4
降,4
降低,4
降价,4
降落,4
降温,4
交换,4
交际,4
教授,4
教训,4
阶段,4
街道,4
节省,4
结,4
结构,4
结论,4
姐妹,4
解释,4
尽快,4
紧密,4
尽力,4
进口,4
近代,4
禁止,4
经典,4
精力,4
竟然,4
镜头,4
镜子,4
究竟,4
酒吧,4
居民,4
居住,4
局,4
巨大,4
具备,4
距离,4
聚,4
聚会,4
卷,4
角色,4
开花,4
开水,4
看不起,4
看来,4
看望,4
考察,4
考虑,4
棵,4
可见,4
空间,4
口袋,4
口语,4
苦,4
会计,4
快递,4
宽,4
宽广,4
矿泉水,4
扩大,4
扩展,4
括号,4
垃圾,4
拉开,4
辣,4
来不及,4
来得及,4
来源,4
老公,4
老家,4
老婆,4
老实,4
乐趣,4
泪,4
泪水,4
类型,4
冷静,4
厘米,4
离不开,4
力气,4
历史,4
立即,4
利息,4
利益,4
俩,4
良好,4
量,4
粮食,4
两边,4
疗养,4
了不起,4
了解,4
列,4
列车,4
列入,4
列为,4
临时,4
零食,4
流传,4
楼梯,4
陆地,4
陆续,4
录取,4
律师,4
轮,4
轮船,4
轮椅,4
轮子,4
论文,4
落,4
毛巾,4
毛衣,4
帽子,4
没错,4
没法儿,4
没想到,4
美金,4
美女,4
梦,4
梦见,4
梦想,4
秘密,4
秘书,4
密,4
密码,4
密切,4
免费,4
面临,4
面试,4
描述,4
描写,4
名牌儿,4
名片,4
名人,4
摸,4
模特儿,4
模型,4
末,4
默默,4
哪怕,4
男女,4
男士,4
难免,4
脑袋,4
闹,4
闹钟,4
内部,4
内科,4
能干,4
宁静,4
浓,4
女士,4
暖气,4
拍照,4
排列,4
牌,4
盘,4
盘子,4
胖子,4
培训,4
培训班,4
培养,4
培育,4
批,4
片面,4
品质,4
平方,4
平静,4
平均,4
平稳,4
迫切,4
破产,4
妻子,4
期待,4
期间,4
期末,4
期限,4
期中,4
其余,4
企业,4
气球,4
汽水,4
汽油,4
器官,4
前头,4
前途,4
浅,4
巧克力,4
切,4
亲爱,4
亲密,4
青春,4
轻松,4
轻易,4
清醒,4
情景,4
穷,4
穷人,4
秋季,4
趋势,4
圈,4
权利,4
却,4
确认,4
然而,4
燃料,4
燃烧,4
热闹,4
热心,4
人家,4
日记,4
日历,4
如今,4
弱,4
伞,4
散,4
扫,4
色,4
色彩,4
耕,4
晒,4
闪,4
闪电,4
善良,4
善于,4
伤害,4
商务,4
赏,4
上个月,4
上楼,4
上门,4
烧,4
设施,4
设置,4
申请,4
身材,4
身份,4
身高,4
深厚,4
神话,4
神秘,4
甚至,4
失败,4
失望,4
失业,4
诗,4
诗人,4
湿,4
实施,4
实用,4
食堂,4
使劲,4
士兵,4
市区,4
似的,4
事物,4
事先,4
试卷,4
是否,4
收回,4
收获,4
收益,4
手工,4
手里,4
手术,4
手套,4
守,4
首,4
受不了,4
售货员,4
叔叔,4
舒适,4
熟练,4
暑假,4
树林,4
树叶,4
数据,4
数码,4
刷,4
刷牙,4
刷子,4
帅,4
帅哥,4
率先,4
睡着,4
顺序,4
说不定,4
说服,4
思考,4
似乎,4
松,4
松树,4
塑料,4
塑料袋,4
酸,4
酸奶,4
随手,4
孙女,4
孙子,4
缩短,4
缩小,4
台阶,4
台上,4
躺,4
套餐,4
特价,4
特殊,4
特征,4
提供,4
提醒,4
体操,4
体检,4
体重,4
替,4
替代,4
天真,4
填,4
填空,4
挑,4
挑选,4
调皮,4
挑战,4
贴,4
停下,4
通知书,4
同情,4
童话,4
童年,4
统计,4
统一,4
痛快,4
投,4
投入,4
投诉,4
投资,4
透,4
透明,4
图案,4
途中,4
土地,4
推迟,4
推销,4
脱,4
袜子,4
外汇,4
外交官,4
外套,4
弯,4
晚点,4
万一,4
王,4
网络,4
网址,4
微笑,4
微信,4
围巾,4
维持,4
维护,4
维修,4
尾巴,4
未必,4
未来,4
位于,4
位置,4
味儿,4
稳,4
稳定,4
问候,4
无,4
无法,4
无聊,4
无论,4
无数,4
无所谓,4
无限,4
五颜六色,4
误会,4
西瓜,4
吸,4
吸管,4
吸收,4
吸烟,4
吸引,4
喜爱,4
系列,4
系统,4
细,4
细节,4
细致,4
下个月,4
下降,4
下楼,4
下载,4
夏季,4
鲜,4
鲜花,4
鲜明,4
咸,4
显著,4
县,4
限制,4
相处,4
相反,4
箱,4
箱子,4
想念,4
想象,4
项,4
项目,4
相片,4
消化,4
销售,4
小吃,4
小伙子,4
小型,4
效率,4
些,4
心理,4
新郎,4
新娘,4
新鲜,4
新型,4
兴奋,4
形容,4
形势,4
型,4
型号,4
醒,4
兴趣,4
性质,4
兄弟,4
胸部,4
修理,4
选择,4
学分,4
学年,4
学时,4
学术,4
学问,4
寻找,4
迅速,4
牙,4
牙刷,4
亚运会,4
呀,4
延长,4
延期,4
延续,4
严,4
严格,4
严重,4
研究,4
研究生,4
研制,4
盐,4
眼镜,4
眼泪,4
眼里,4
演讲,4
阳台,4
养成,4
腰,4
摇,4
药物,4
业余,4
叶子,4
医疗,4
医学,4
依靠,4
依然,4
一律,4
一再,4
一致,4
移,4
移动,4
移民,4
遗产,4
遗传,4
疑问,4
以及,4
以内,4
一般来说,4
义务,4
议论,4
引,4
引导,4
引进,4
引起,4
应,4
英勇,4
营业,4
赢得,4
影子,4
勇敢,4
勇气,4
用途,4
优良,4
优美,4
优秀,4
邮局,4
有劲儿,4
有趣,4
有限,4
幼儿园,4
于是,4
语法,4
语音,4
玉,4
玉米,4
预测,4
预订,4
遇,4
遇到,4
遇见,4
原料,4
原则,4
圆,4
圆满,4
约会,4
月底,4
阅读,4
运动会,4
运动员,4
运气,4
运用,4
再三,4
在乎,4
在于,4
赞成,4
赞赏,4
赞助,4
造型,4
战斗,4
战胜,4
战士,4
战争,4
丈夫,4
招呼,4
着火,4
着急,4
召开,4
折,4
针,4
针对,4
阵,4
争论,4
征服,4
征求,4
政府,4
政治,4
之后,4
之间,4
之前,4
之一,4
植物,4
指挥,4
制订,4
质量,4
治,4
治疗,4
智力,4
智能,4
中介,4
种类,4
中奖,4
种植,4
重量,4
逐步,4
逐渐,4
主题,4
主席,4
祝福,4
著名,4
著作,4
抓紧,4
专心,4
转动,4
转告,4
转身,4
转弯,4
转移,4
装修,4
装置,4
追求,4
准时,4
资料,4
资源,4
自,4
自信,4
字母,4
综合,4
总共,4
总理,4
总统,4
总之,4
阻止,4
嘴巴,4
最初,4
作出,4
作为,4
做梦,4
安慰,5
岸,5
岸上,5
按摩,5
拔,5
白酒,5
拜访,5
版,5
扮演,5
棒,5
包围,5
包装,5
保卫,5
保养,5
报答,5
报警,5
抱怨,5
背包,5
悲剧,5
悲伤,5
北极,5
被动,5
辈,5
本人,5
鼻子,5
比方,5
比重,5
彼此,5
必,5
必需,5
毕竟,5
闭幕,5
闭幕式,5
边境,5
编辑,5
变动,5
便利,5
便条,5
便于,5
宾馆,5
饼,5
饼干,5
病毒,5
玻璃,5
博客,5
博览会,5
博士,5
博物馆,5
薄弱,5
不顾,5
不利,5
不耐烦,5
不幸,5
不易,5
补偿,5
补贴,5
不曾,5
不得了,5
不敢当,5
不良,5
不免,5
不能不,5
不时,5
不停,5
不许,5
不止,5
不足,5
部位,5
猜,5
猜测,5
裁判,5
采购,5
彩票,5
餐馆,5
餐厅,5
餐饮,5
草原,5
册,5
层次,5
叉,5
叉子,5
差别,5
差距,5
插,5
查询,5
差点儿,5
拆,5
拆除,5
产业,5
长度,5
长寿,5
肠,5
尝,5
尝试,5
厂长,5
场面,5
倡导,5
超越,5
车主,5
称号,5
成本,5
成交,5
成效,5
成语,5
承办,5
城里,5
乘,5
乘车,5
乘客,5
乘坐,5
吃力,5
池子,5
迟,5
冲动,5
冲突,5
充足,5
愁,5
丑,5
臭,5
出版,5
出差,5
出汗,5
出于,5
初期,5
除非,5
除夕,5
厨房,5
处罚,5
处分,5
处在,5
传达,5
传递,5
传真,5
窗帘,5
闯,5
创立,5
辞典,5
辞职,5
此后,5
此刻,5
此时,5
聪明,5
从而,5
从中,5
脆,5
存款,5
寸,5
达成,5
答,5
答复,5
打扮,5
打包,5
打击,5
打架,5
打扰,5
大胆,5
大都,5
大纲,5
大伙儿,5
大奖赛,5
大脑,5
大事,5
大厅,5
大象,5
大熊猫,5
大于,5
大致,5
呆,5
待,5
代价,5
代理,5
带有,5
贷款,5
单一,5
胆,5
胆小,5
蛋糕,5
当场,5
当代,5
当年,5
当前,5
当选,5
挡,5
到来,5
倒是,5
道德,5
得了,5
得以,5
等候,5
等级,5
低于,5
地带,5
地形,5
地震,5
递,5
递给,5
典礼,5
点燃,5
电池,5
电饭锅,5
电子版,5
调动,5
丢,5
动机,5
动手,5
动态,5
动员,5
冻,5
洞,5
豆制品,5
毒,5
堆,5
对立,5
对应,5
吨,5
朵,5
躲,5
儿女,5
耳朵,5
二维码,5
发布,5
发觉,5
发射,5
发行,5
罚,5
罚款,5
法规,5
法制,5
繁荣,5
返回,5
防治,5
放大,5
放弃,5
分成,5
分解,5
分类,5
分离,5
分析,5
分享,5
丰收,5
风度,5
风光,5
疯,5
疯狂,5
扶,5
服从,5
幅,5
幅度,5
福利,5
辅助,5
负责人,5
附件,5
改革,5
干脆,5
干扰,5
干预,5
感想,5
钢笔,5
钢琴,5
高大,5
高度,5
高跟鞋,5
高温,5
高于,5
高原,5
搞,5
搞好,5
歌曲,5
隔壁,5
个儿,5
跟前,5
跟随,5
更换,5
更新,5
工艺,5
工作日,5
公告,5
公认,5
公式,5
公正,5
共计,5
共享,5
沟,5
沟通,5
估计,5
古老,5
鼓,5
鼓励,5
鼓掌,5
顾问,5
关怀,5
关键,5
冠军,5
光荣,5
光线,5
广,5
广泛,5
规划,5
鬼,5
柜子,5
滚,5
锅,5
国籍,5
国民,5
过度,5
过敏,5
过于,5
害,5
汗,5
好运,5
号召,5
合并,5
合成,5
盒,5
盒饭,5
盒子,5
贺卡,5
恨,5
猴,5
后悔,5
胡同儿,5
胡子,5
虎,5
华语,5
滑,5
化石,5
划分,5
画面,5
环节,5
慌,5
慌忙,5
灰色,5
恢复,5
回报,5
回避,5
回顾,5
回收,5
回头,5
回信,5
回忆,5
汇款,5
会谈,5
活力,5
活泼,5
火柴,5
火腿,5
火灾,5
或是,5
机器人,5
机制,5
肌肉,5
基地,5
基金,5
即使,5
集团,5
挤,5
记忆,5
技能,5
继承,5
加热,5
加上,5
加速,5
加以,5
夹,5
甲,5
价,5
驾驶,5
驾照,5
坚定,5
肩,5
艰苦,5
艰难,5
检验,5
减轻,5
剪,5
剪刀,5
剪子,5
间接,5
建造,5
建筑,5
健全,5
键,5
键盘,5
将,5
将要,5
奖励,5
交代,5
郊区,5
胶带,5
胶水,5
脚步,5
接触,5
接连,5
解除,5
解放,5
戒,5
届,5
今日,5
尽管,5
紧紧,5
尽可能,5
进化,5
近来,5
经费,5
景象,5
警告,5
竞赛,5
竞争,5
酒鬼,5
救灾,5
居然,5
局面,5
局长,5
举动,5
拒绝,5
俱乐部,5
剧本,5
决不,5
绝望,5
军人,5
开幕,5
开幕式,5
看成,5
看出,5
看待,5
考核,5
烤肉,5
烤鸭,5
靠近,5
颗,5
咳,5
可,5
可怜,5
可惜,5
渴望,5
客户,5
客气,5
客厅,5
课题,5
肯定,5
空中,5
控制,5
口号,5
库,5
快活,5
宽度,5
狂,5
亏,5
困扰,5
来信,5
烂,5
朗读,5
浪漫,5
劳动,5
梨,5
礼,5
礼拜,5
礼貌,5
厉害,5
立,5
立场,5
利润,5
例外,5
连接,5
联络,5
联想,5
脸盆,5
脸色,5
恋爱,5
两岸,5
邻居,5
铃,5
铃声,5
领带,5
令,5
流动,5
流通,5
漏,5
漏洞,5
逻辑,5
落实,5
码头,5
骂,5
买卖,5
漫长,5
漫画,5
毛笔,5
矛盾,5
冒,5
贸易,5
煤,5
煤气,5
门诊,5
迷人,5
迷信,5
面貌,5
面子,5
秒,5
敏感,5
明亮,5
明明,5
命令,5
模范,5
模仿,5
模糊,5
模式,5
摩擦,5
摩托,5
模样,5
目光,5
耐心,5
男性,5
南北,5
南极,5
难得,5
难以,5
脑子,5
内在,5
能量,5
年度,5
年龄,5
年前,5
牛仔裤,5
农产品,5
女性,5
暖,5
偶尔,5
偶然,5
偶像,5
拍摄,5
排除,5
旁,5
陪,5
赔,5
赔偿,5
配备,5
配套,5
喷,5
盆,5
披,5
皮肤,5
皮鞋,5
脾气,5
匹,5
骗,5
骗子,5
拼,5
频道,5
频繁,5
品,5
品种,5
平坦,5
平原,5
评估,5
评论,5
凭,5
泼,5
葡萄,5
葡萄酒,5
期望,5
齐全,5
其,5
启动,5
启发,5
启事,5
起到,5
起码,5
气体,5
气象,5
签,5
签订,5
签名,5
签约,5
签证,5
签字,5
前景,5
前提,5
欠,5
枪,5
强度,5
墙壁,5
抢,5
抢救,5
强迫,5
悄悄,5
敲,5
敲门,5
瞧,5
琴,5
勤奋,5
青,5
清晨,5
清理,5
情节,5
情形,5
晴朗,5
区域,5
全都,5
全世界,5
泉,5
劝,5
缺乏,5
确立,5
群体,5
群众,5
染,5
绕,5
热量,5
热门,5
人间,5
人力,5
人士,5
人物,5
忍,5
忍不住,5
忍受,5
认,5
认定,5
扔,5
仍旧,5
如此,5
如同,5
如下,5
入门,5
软,5
软件,5
洒,5
散文,5
杀,5
杀毒,5
沙漠,5
傻,5
山区,5
扇,5
扇子,5
商标,5
上级,5
上下,5
上涨,5
稍,5
稍微,5
蛇,5
舍不得,5
舍得,5
设想,5
社,5
社区,5
射,5
射击,5
摄像,5
摄像机,5
摄影,5
摄影师,5
伸,5
深处,5
深度,5
神,5
神经,5
神奇,5
神情,5
升高,5
生成,5
声,5
胜负,5
剩,5
剩下,5
失误,5
师傅,5
诗歌,5
十足,5
时常,5
时光,5
时机,5
时事,5
实惠,5
拾,5
使得,5
示范,5
式,5
势力,5
试图,5
视频,5
视为,5
收购,5
收集,5
收拾,5
手段,5
手法,5
寿司,5
受灾,5
瘦,5
书法,5
书柜,5
书桌,5
输出,5
蔬菜,5
熟悉,5
鼠,5
鼠标,5
数目,5
摔,5
摔倒,5
率领,5
双手,5
水产品,5
水分,5
水库,5
水灾,5
睡眠,5
说法,5
硕士,5
私人,5
思维,5
四周,5
搜,5
搜索,5
宿舍,5
酸甜苦辣,5
随后,5
随意,5
随着,5
岁月,5
碎,5
损害,5
损失,5
所在,5
锁,5
台风,5
抬,5
抬头,5
太空,5
弹,5
逃,5
逃跑,5
逃走,5
桃,5
桃花,5
桃树,5
讨厌,5
特定,5
特性,5
特有,5
提倡,5
提起,5
提示,5
题材,5
体积,5
体力,5
天才,5
天然气,5
天文,5
调节,5
调解,5
厅,5
停留,5
通用,5
偷,5
偷偷,5
突破,5
土豆,5
吐,5
兔,5
团长,5
推行,5
脱离,5
外界,5
完了,5
微博,5
为难,5
为期,5
为止,5
为主,5
违法,5
违反,5
违规,5
围绕,5
唯一,5
委托,5
卫星,5
胃,5
慰问,5
温和,5
文艺,5
卧室,5
握,5
污染,5
污水,5
屋,5
无奈,5
无疑,5
舞,5
物价,5
物业,5
物质,5
误解,5
西红柿,5
西装,5
喜剧,5
戏,5
戏剧,5
吓,5
先后,5
先前,5
鲜艳,5
闲,5
显,5
现有,5
现状,5
线索,5
献,5
乡,5
乡村,5
相等,5
相应,5
香肠,5
详细,5
享受,5
向导,5
向前,5
向上,5
相声,5
象征,5
消除,5
消毒,5
消防,5
消费者,5
消极,5
小偷儿,5
歇,5
协议,5
协议书,5
斜,5
心态,5
心疼,5
辛苦,5
欣赏,5
信念,5
信箱,5
行驶,5
形态,5
性能,5
雄伟,5
熊,5
休闲,5
修复,5
修建,5
修养,5
虚心,5
许可,5
选修,5
学科,5
学位,5
学者,5
寻求,5
询问,5
押金,5
鸭子,5
亚军,5
延伸,5
严厉,5
严肃,5
言语,5
研究所,5
眼光,5
邀请,5
摇头,5
咬,5
也好,5
业务,5
夜间,5
一流,5
依法,5
依旧,5
依据,5
依照,5
一辈子,5
一带,5
一旦,5
一句话,5
一路,5
一下子,5
一向,5
乙,5
以便,5
以往,5
一口气,5
一身,5
意识,5
意味着,5
意志,5
因而,5
饮料,5
饮食,5
印刷,5
硬,5
硬件,5
拥抱,5
拥有,5
用不着,5
用户,5
用来,5
用于,5
优惠,5
优先,5
幽默,5
尤其,5
由此,5
犹豫,5
游泳池,5
友谊,5
有毒,5
有害,5
有力,5
有利于,5
有着,5
羽毛球,5
羽绒服,5
雨水,5
预备,5
预期,5
元旦,5
园林,5
原理,5
原始,5
原先,5
原有,5
远处,5
怨,5
愿,5
约束,5
月饼,5
月球,5
阅览室,5
运,5
运行,5
灾,5
灾害,5
灾难,5
灾区,5
再次,5
再也,5
在场,5
在内,5
暂时,5
暂停,5
糟,5
糟糕,5
早期,5
增,5
增产,5
增大,5
增多,5
增强,5
赠,5
赠送,5
摘,5
展览,5
展示,5
展现,5
占领,5
占有,5
涨,5
涨价,5
掌握,5
招生,5
招手,5
珍贵,5
珍惜,5
珍珠,5
真诚,5
真理,5
真相,5
诊断,5
振动,5
震惊,5
争议,5
正版,5
正规,5
正如,5
正义,5
证实,5
证书,5
挣,5
挣钱,5
之内,5
之外,5
之下,5
之中,5
支出,5
支配,5
执行,5
直线,5
值班,5
职能,5
职位,5
职务,5
只不过,5
只见,5
指标,5
指甲,5
指示,5
指责,5
至,5
制成,5
制约,5
治安,5
治理,5
中断,5
中秋节,5
中央,5
中药,5
终点,5
终身,5
终止,5
中毒,5
众多,5
周期,5
竹子,5
主办,5
主导,5
主观,5
主管,5
主体,5
助理,5
助手,5
注册,5
注射,5
注视,5
注重,5
祝贺,5
专辑,5
专利,5
转化,5
转换,5
转让,5
转向,5
装饰,5
撞,5
资本,5
资产,5
资助,5
子弹,5
仔细,5
紫,5
自豪,5
自杀,5
自愿,5
总裁,5
总数,5
总算,5
总体,5
阻碍,5
组织,5
醉,5
尊敬,5
尊重,5
遵守,5
挨着,6
挨,6
挨打,6
安检,6
罢工,6
罢了,6
白领,6
百分点,6
办公,6
办事处,6
办学,6
半决赛,6
傍晚,6
保健,6
报刊,6
报考,6
抱歉,6
暴风雨,6
暴力,6
暴露,6
暴雨,6
爆,6
爆发,6
爆炸,6
悲惨,6
背心,6
背着,6
被告,6
奔跑,6
本地,6
本期,6
本身,6
本土,6
本质,6
逼,6
笔试,6
必将,6
必修,6
闭,6
边缘,6
编制,6
扁,6
变更,6
变换,6
变形,6
便,6
便是,6
遍地,6
表面上,6
病房,6
病情,6
拨打,6
波动,6
波浪,6
播,6
不便,6
不见,6
不料,6
不再,6
不至于,6
补考,6
补课,6
补习,6
补助,6
捕,6
不成,6
不禁,6
不仅仅,6
不通,6
不怎么,6
不怎么样,6
不值,6
布满,6
部队,6
采纳,6
踩,6
参赛,6
参展,6
餐,6
残疾,6
残疾人,6
残酷,6
惨,6
仓库,6
藏,6
操纵,6
厕所,6
侧,6
测定,6
策划,6
策略,6
层面,6
差异,6
查出,6
查看,6
拆迁,6
产量,6
昌盛,6
长短,6
长假,6
长久,6
长跑,6
长远,6
常规,6
常年,6
厂商,6
场地,6
场馆,6
场景,6
畅通,6
超,6
超出,6
炒,6
炒股,6
炒作,6
车号,6
车牌,6
车展,6
撤离,6
撤销,6
撑,6
成分,6
成品,6
承诺,6
城区,6
城乡,6
城镇,6
持有,6
冲击,6
重建,6
重组,6
崇拜,6
宠物,6
出场,6
出动,6
出访,6
出路,6
出面,6
出名,6
出入,6
出事,6
出台,6
出行,6
初等,6
除,6
厨师,6
储存,6
处处,6
处长,6
传出,6
传媒,6
传输,6
传言,6
船员,6
船长,6
船只,6
串,6
窗口,6
创办,6
创建,6
创意,6
此处,6
此次,6
此前,6
此事,6
此致,6
次数,6
从不,6
从没,6
醋,6
村庄,6
错过,6
搭,6
搭档,6
搭配,6
打动,6
打断,6
打发,6
打官司,6
打牌,6
打印机,6
打造,6
大道,6
大街,6
大力,6
大米,6
大批,6
大赛,6
大师,6
大使,6
待会儿,6
担忧,6
单打,6
诞生,6
党,6
当成,6
当天,6
当作,6
档,6
档案,6
岛,6
到期,6
盗版,6
道教,6
道歉,6
低头,6
低温,6
滴,6
抵达,6
抵抗,6
地板,6
地名,6
地下室,6
电车,6
电动,6
电力,6
电器,6
吊,6
调研,6
跌,6
定价,6
定时,6
定位,6
动画,6
斗争,6
都市,6
毒品,6
赌,6
赌博,6
渡,6
端,6
端午节,6
短片,6
队伍,6
对抗,6
对外,6
蹲,6
多半,6
多方面,6
多媒体,6
夺,6
夺取,6
恩人,6
儿科,6
发病,6
发电,6
发放,6
发怒,6
发起,6
发言人,6
发炎,6
法庭,6
法语,6
番,6
番茄,6
凡是,6
繁殖,6
反抗,6
反问,6
反响,6
犯,6
犯规,6
犯罪,6
防范,6
防守,6
房价,6
仿佛,6
飞船,6
飞行员,6
肺,6
分工,6
分裂,6
愤怒,6
风暴,6
峰会,6
奉献,6
佛,6
佛教,6
服,6
浮,6
父女,6
父子,6
负,6
妇女,6
复苏,6
副,6
富人,6
富有,6
改装,6
干涉,6
肝,6
杆,6
赶不上,6
赶忙,6
赶上,6
敢于,6
感人,6
刚好,6
岗位,6
港口,6
高层,6
高档,6
高等,6
高峰,6
高考,6
高科技,6
高手,6
稿子,6
歌唱,6
歌词,6
歌星,6
革新,6
更是,6
工商,6
公,6
公安,6
公鸡,6
公众,6
公主,6
攻击,6
供给,6
宫,6
巩固,6
贡献,6
构建,6
孤独,6
孤儿,6
姑姑,6
古典,6
股,6
股东,6
股票,6
故障,6
顾,6
刮,6
拐,6
关爱,6
关联,6
观光,6
官司,6
管道,6
光辉,6
广阔,6
轨道,6
跪,6
国产,6
国歌,6
国会,6
国旗,6
国王,6
果酱,6
果树,6
过渡,6
过后,6
过时,6
海报,6
海底,6
海军,6
海浪,6
海外,6
海湾,6
海洋,6
好容易,6
好似,6
好转,6
好学,6
合约,6
和谐,6
核心,6
黑夜,6
很难说,6
狠,6
横,6
衡量,6
宏大,6
洪水,6
忽略,6
壶,6
互动,6
户外,6
护,6
花费,6
花瓶,6
花生,6
化解,6
幻想,6
患者,6
皇帝,6
回应,6
毁,6
会见,6
会长,6
绘画,6
昏,6
混,6
混合,6
混乱,6
活跃,6
火箭,6
机动车,6
机关,6
机械,6
基督教,6
激情,6
吉利,6
吉祥,6
极端,6
急救,6
疾病,6
集,6
给予,6
加盟,6
家电,6
家园,6
嘉宾,6
假日,6
尖,6
监测,6
监督,6
捡,6
简介,6
剑,6
鉴定,6
箭,6
将军,6
讲课,6
酱,6
酱油,6
骄傲,6
焦点,6
脚印,6
觉,6
教堂,6
教育部,6
接收,6
揭,6
街头,6
节假日,6
节能,6
节奏,6
杰出,6
截止,6
截至,6
解,6
解说,6
界,6
借鉴,6
金额,6
金钱,6
金融,6
尽,6
进攻,6
近日,6
近视,6
惊人,6
惊喜,6
精,6
精美,6
精品,6
井,6
景,6
景点,6
净,6
纠纷,6
纠正,6
酒水,6
救命,6
救援,6
救助,6
就是说,6
就算,6
剧,6
据,6
捐,6
捐款,6
捐赠,6
捐助,6
决策,6
觉悟,6
绝,6
绝大多数,6
军队,6
军舰,6
军事,6
开创,6
开关,6
开设,6
开通,6
开头,6
开夜车,6
看管,6
看得见,6
看得起,6
看好,6
看作,6
康复,6
抗议,6
考场,6
考题,6
科研,6
客车,6
肯,6
空军,6
口试,6
扣,6
酷,6
跨,6
快车,6
宽阔,6
矿,6
阔,6
啦,6
来往,6
赖,6
栏目,6
蓝领,6
蓝天,6
懒,6
牢,6
老乡,6
冷气,6
冷水,6
礼堂,6
理,6
理财,6
理智,6
利,6
联盟,6
联赛,6
联手,6
凉鞋,6
两侧,6
两手,6
聊,6
聊天儿,6
料,6
裂,6
灵活,6
领取,6
领袖,6
另,6
留言,6
流感,6
楼道,6
楼房,6
露,6
陆军,6
录像,6
录音机,6
路过,6
旅店,6
绿化,6
马车,6
嘛,6
埋,6
馒头,6
慢车,6
盲人,6
梅花,6
美容,6
蒙,6
猛,6
棉,6
免得,6
面对面,6
面向,6
妙,6
灭,6
民歌,6
民工,6
民警,6
民意,6
民主,6
名额,6
名胜,6
名义,6
名誉,6
明日,6
命,6
膜,6
磨,6
没收,6
墨水,6
母,6
母鸡,6
母女,6
母子,6
墓,6
拿走,6
奶粉,6
奶牛,6
难忘,6
内地,6
内外,6
内衣,6
能否,6
泥,6
扭,6
排行榜,6
派出,6
判,6
盼望,6
泡,6
炮,6
陪同,6
配置,6
皮球,6
偏,6
贫困,6
品牌,6
聘请,6
平凡,6
平方米,6
平衡,6
平台,6
评,6
评选,6
屏幕,6
坡,6
扑,6
铺,6
欺负,6
奇妙,6
企图,6
起点,6
起诉,6
气氛,6
恰当,6
恰好,6
恰恰,6
牵,6
铅笔,6
谦虚,6
前方,6
前来,6
潜力,6
强盗,6
强化,6
强势,6
强壮,6
桥梁,6
巧妙,6
茄子,6
切实,6
侵犯,6
亲属,6
亲眼,6
倾向,6
清,6
清洁,6
清洁工,6
清明节,6
清洗,6
情绪,6
求职,6
球拍,6
球星,6
球员,6
区分,6
渠道,6
取款,6
取款机,6
去掉,6
权,6
权力,6
全力,6
全新,6
券,6
缺陷,6
却是,6
让座,6
热点,6
热水,6
热水器,6
热线,6
人权,6
认同,6
日夜,6
日语,6
融合,6
融入,6
如,6
如一,6
乳制品,6
入,6
入学,6
若,6
塞,6
赛,6
赛场,6
三明治,6
丧失,6
山峰,6
山谷,6
山坡,6
伤口,6
伤亡,6
伤员,6
商城,6
上当,6
上帝,6
上市,6
上台,6
上演,6
勺,6
少儿,6
舌头,6
设计师,6
涉及,6
深化,6
深深,6
审查,6
升级,6
升学,6
升值,6
生活费,6
省钱,6
圣诞节,6
盛行,6
师父,6
师生,6
时而,6
时节,6
时期,6
时时,6
时装,6
识,6
识字,6
实践,6
食欲,6
市民,6
事后,6
试点,6
适当,6
收藏,6
收取,6
收养,6
手续费,6
首次,6
首脑,6
首席,6
首相,6
书房,6
薯片,6
薯条,6
双打,6
爽,6
水泥,6
税,6
顺,6
说明书,6
说实话,6
司长,6
死亡,6
四处,6
寺,6
送礼,6
送行,6
素质,6
算了,6
算是,6
虽,6
岁数,6
踏实,6
塔,6
踏,6
台灯,6
太阳能,6
叹气,6
探索,6
探讨,6
趟,6
掏,6
特,6
特大,6
特地,6
特快,6
特意,6
疼痛,6
踢,6
提交,6
提升,6
天然,6
天堂,6
天下,6
添,6
田,6
田径,6
跳水,6
听取,6
通报,6
通道,6
通红,6
通话,6
通行,6
通讯,6
同,6
同胞,6
同行,6
同期,6
同一,6
铜牌,6
头疼,6
投票,6
透露,6
图书,6
徒弟,6
途径,6
团队,6
推出,6
退票,6
吞,6
托,6
拖,6
拖鞋,6
挖,6
娃娃,6
哇,6
外币,6
外部,6
外出,6
外观,6
外科,6
外来,6
外头,6
外衣,6
外资,6
弯曲,6
顽皮,6
顽强,6
王后,6
王子,6
网吧,6
网页,6
往后,6
往来,6
往年,6
望见,6
危机,6
威胁,6
微波炉,6
维生素,6
为此,6
为何,6
文娱,6
卧铺,6
乌云,6
无边,6
无关,6
无效,6
舞蹈,6
物品,6
误,6
西班牙语,6
吸毒,6
牺牲,6
洗衣粉,6
戏曲,6
细胞,6
细菌,6
先锋,6
嫌,6
显出,6
险,6
线路,6
陷入,6
响声,6
想不到,6
消耗,6
消灭,6
小费,6
小麦,6
小于,6
晓得,6
笑脸,6
笑容,6
笑声,6
协会,6
协商,6
协调,6
协助,6
写字楼,6
写字台,6
心灵,6
心愿,6
心脏,6
心脏病,6
新人,6
新兴,6
薪水,6
信仰,6
信用,6
兴旺,6
行程,6
形,6
凶,6
凶手,6
修车,6
袖珍,6
悬,6
旋转,6
选拔,6
选举,6
学会,6
学员,6
血管,6
血液,6
循环,6
压迫,6
烟花,6
沿,6
沿海,6
沿着,6
研发,6
眼看,6
演奏,6
宴会,6
洋,6
仰,6
养老,6
氧气,6
样,6
药品,6
要不然,6
要好,6
要么,6
要素,6
野,6
野生,6
医药,6
依次,6
依赖,6
一次性,6
一代,6
一道,6
一贯,6
一路上,6
仪器,6
仪式,6
遗憾,6
一番,6
一模一样,6
一齐,6
一时,6
一同,6
一行,6
艺人,6
议题,6
异常,6
意想不到,6
意愿,6
因,6
因素,6
阴谋,6
阴影,6
音量,6
音像,6
隐藏,6
隐私,6
印,6
英雄,6
迎来,6
影迷,6
影星,6
应对,6
应急,6
用处,6
用得着,6
用法,6
用品,6
用心,6
优质,6
游人,6
游玩,6
游戏机,6
游行,6
有关,6
有没有,6
有事,6
于,6
娱乐,6
愉快,6
与,6
宇航员,6
雨衣,6
预约,6
元素,6
园,6
园地,6
原,6
原告,6
原谅,6
圆珠笔,6
援助,6
缘故,6
远方,6
远离,6
远远,6
约定,6
乐曲,6
晕,6
允许,6
运作,6
晕车,6
杂,6
再生,6
再说,6
遭到,6
遭受,6
遭遇,6
早晚,6
增进,6
增值,6
扎,6
扎实,6
炸,6
炸弹,6
炸药,6
债,6
占据,6
战场,6
战略,6
战术,6
战友,6
站台,6
章,6
掌声,6
账,6
账户,6
障碍,6
招,6
招聘,6
照样,6
照耀,6
哲学,6
这就是说,6
镇,6
争夺,6
整顿,6
整治,6
正当,6
政策,6
政党,6
政权,6
症状,6
之类,6
支撑,6
支援,6
枝,6
知名,6
织,6
直升机,6
职责,6
止,6
只得,6
只顾,6
只管,6
指定,6
指数,6
指头,6
指着,6
至于,6
治病,6
智慧,6
中等,6
中华,6
中期,6
中外,6
忠心,6
钟头,6
肿,6
种种,6
粥,6
珠宝,6
诸位,6
主持人,6
主角,6
主流,6
煮,6
住宅,6
驻,6
柱子,6
祝愿,6
专用,6
赚,6
赚钱,6
装备,6
壮观,6
追究,6
捉,6
咨询,6
自来水,6
自我,6
自学,6
自言自语,6
自在,6
宗教,6
总部,6
总监,6
总经理,6
总量,6
走私,6
奏,6
租金,6
足,6
足以,6
族,6
祖父,6
祖国,6
祖母,6
钻,6
最佳,6
最终,6
罪,6
罪恶,6
作,6
作废,6
作战,6
座谈会,6
阿拉伯语,7-9
哎,7-9
哎呀,7-9
哀求,7-9
挨家挨户,7-9
癌,7-9
癌症,7-9
艾滋病,7-9
唉,7-9
爱不释手,7-9
爱理不理,7-9
爱面子,7-9
爱惜,7-9
碍事,7-9
安定,7-9
安抚,7-9
安眠药,7-9
安宁,7-9
安稳,7-9
安心,7-9
安逸,7-9
按键,7-9
按理说,7-9
按说,7-9
案件,7-9
暗地里,7-9
暗杀,7-9
暗中,7-9
昂贵,7-9
凹,7-9
熬,7-9
熬夜,7-9
傲,7-9
傲慢,7-9
奥秘,7-9
奥运会,7-9
八卦,7-9
巴不得,7-9
扒,7-9
芭蕾,7-9
把柄,7-9
把关,7-9
把手,7-9
靶子,7-9
坝,7-9
罢免,7-9
罢休,7-9
霸占,7-9
掰,7-9
白白,7-9
百分比,7-9
百合,7-9
百科全书,7-9
柏树,7-9
摆放,7-9
摆平,7-9
摆设,7-9
拜会,7-9
拜见,7-9
拜年,7-9
拜托,7-9
扳,7-9
颁布,7-9
颁发,7-9
颁奖,7-9
斑点,7-9
搬迁,7-9
板块,7-9
办不到,7-9
半边天,7-9
半场,7-9
半岛,7-9
半路,7-9
半数,7-9
半途而废,7-9
半信半疑,7-9
半真半假,7-9
扮,7-9
伴,7-9
伴侣,7-9
伴随,7-9
伴奏,7-9
拌,7-9
帮手,7-9
绑,7-9
绑架,7-9
榜样,7-9
棒球,7-9
磅,7-9
包袱,7-9
包容,7-9
包扎,7-9
剥,7-9
煲,7-9
饱和,7-9
饱满,7-9
宝库,7-9
宝藏,7-9
保管,7-9
保姆,7-9
保暖,7-9
保鲜,7-9
保修,7-9
保佑,7-9
保障,7-9
保质期,7-9
保重,7-9
堡垒,7-9
报仇,7-9
报酬,7-9
报废,7-9
报复,7-9
报社,7-9
报亭,7-9
报销,7-9
抱负,7-9
豹,7-9
暴风骤雨,7-9
暴利,7-9
暴躁,7-9
曝光,7-9
爆冷门,7-9
爆满,7-9
爆竹,7-9
卑鄙,7-9
悲哀,7-9
悲观,7-9
悲欢离合,7-9
悲痛,7-9
碑,7-9
贝壳,7-9
备课,7-9
备受,7-9
备用,7-9
背面,7-9
背叛,7-9
背诵,7-9
被捕,7-9
奔波,7-9
奔赴,7-9
本分,7-9
本能,7-9
本钱,7-9
本色,7-9
本性,7-9
本意,7-9
本着,7-9
奔,7-9
笨蛋,7-9
笨重,7-9
崩溃,7-9
绷,7-9
绷带,7-9
蹦,7-9
逼近,7-9
逼迫,7-9
逼真,7-9
鼻涕,7-9
比比皆是,7-9
比不上,7-9
比起,7-9
比试,7-9
比喻,7-9
鄙视,7-9
必不可少,7-9
必定,7-9
碧绿,7-9
弊病,7-9
弊端,7-9
壁画,7-9
避难,7-9
避暑,7-9
边疆,7-9
边界,7-9
边远,7-9
编号,7-9
编剧,7-9
编排,7-9
编写,7-9
编造,7-9
鞭策,7-9
鞭炮,7-9
贬值,7-9
变革,7-9
变幻莫测,7-9
变迁,7-9
变异,7-9
变质,7-9
便道,7-9
便饭,7-9
便捷,7-9
便利店,7-9
遍布,7-9
辨别,7-9
辨认,7-9
辩,7-9
辩护,7-9
辩解,7-9
辫子,7-9
标,7-9
标榜,7-9
标本,7-9
标签,7-9
标示,7-9
标语,7-9
标致,7-9
飙升,7-9
表白,7-9
表决,7-9
表述,7-9
表率,7-9
表态,7-9
表彰,7-9
憋,7-9
别具匠心,7-9
别看,7-9
别墅,7-9
别说,7-9
别提了,7-9
别致,7-9
别扭,7-9
彬彬有礼,7-9
滨海,7-9
缤纷,7-9
冰棍儿,7-9
冰山,7-9
丙,7-9
秉承,7-9
并非,7-9
并购,7-9
并列,7-9
并行,7-9
病床,7-9
病症,7-9
拨,7-9
拨款,7-9
拨通,7-9
波及,7-9
波澜,7-9
波涛,7-9
波折,7-9
剥夺,7-9
剥削,7-9
伯伯,7-9
伯父,7-9
伯母,7-9
驳回,7-9
脖子,7-9
搏斗,7-9
不定,7-9
不见得,7-9
不利于,7-9
不慎,7-9
不适,7-9
不算,7-9
不像话,7-9
不屑,7-9
不懈,7-9
不亚于,7-9
不亦乐乎,7-9
不翼而飞,7-9
不用说,7-9
不正之风,7-9
补给,7-9
补救,7-9
捕捉,7-9
哺育,7-9
不耻下问,7-9
不辞而别,7-9
不得而知,7-9
不得已,7-9
不妨,7-9
不服,7-9
不服气,7-9
不假思索,7-9
不解,7-9
不经意,7-9
不景气,7-9
不堪,7-9
不可避免,7-9
不可思议,7-9
不肯,7-9
不理,7-9
不了了之,7-9
不难,7-9
不平,7-9
不起眼,7-9
不容,7-9
不如说,7-9
不同寻常,7-9
不为人知,7-9
不惜,7-9
不相上下,7-9
不宜,7-9
不已,7-9
不以为然,7-9
不由得,7-9
不由自主,7-9
不予,7-9
不约而同,7-9
不知,7-9
不知不觉,7-9
不准,7-9
布局,7-9
步伐,7-9
步入,7-9
步骤,7-9
部件,7-9
部署,7-9
猜谜,7-9
猜想,7-9
才华,7-9
财经,7-9
财力,7-9
财务,7-9
财物,7-9
财政,7-9
裁,7-9
裁定,7-9
裁决,7-9
采,7-9
采集,7-9
采矿,7-9
彩电,7-9
彩虹,7-9
彩霞,7-9
菜市场,7-9
参见,7-9
参军,7-9
参谋,7-9
参照,7-9
餐桌,7-9
残,7-9
残留,7-9
残缺,7-9
残忍,7-9
惭愧,7-9
惨白,7-9
惨痛,7-9
惨重,7-9
灿烂,7-9
苍蝇,7-9
沧桑,7-9
舱,7-9
藏匿,7-9
藏品,7-9
藏身,7-9
操控,7-9
操劳,7-9
操心,7-9
槽,7-9
草案,7-9
草坪,7-9
侧面,7-9
侧重,7-9
测算,7-9
测验,7-9
层出不穷,7-9
蹭,7-9
差错,7-9
差额,7-9
插手,7-9
插图,7-9
插嘴,7-9
茶道,7-9
茶馆儿,7-9
查处,7-9
查明,7-9
查找,7-9
察觉,7-9
察看,7-9
诧异,7-9
掺,7-9
搀,7-9
馋,7-9
禅杖,7-9
缠,7-9
产,7-9
产地,7-9
产物,7-9
产值,7-9
铲,7-9
铲子,7-9
阐述,7-9
颤抖,7-9
猖狂,7-9
长达,7-9
长期以来,7-9
长效,7-9
长征,7-9
长足,7-9
常理,7-9
常人,7-9
常态,7-9
常温,7-9
偿还,7-9
嫦娥,7-9
厂家,7-9
敞开,7-9
畅谈,7-9
畅销,7-9
倡议,7-9
抄袭,7-9
钞票,7-9
超标,7-9
超车,7-9
超前,7-9
超速,7-9
朝代,7-9
朝着,7-9
嘲弄,7-9
嘲笑,7-9
吵嘴,7-9
车道,7-9
车祸,7-9
车间,7-9
车轮,7-9
车速,7-9
车位,7-9
车厢,7-9
车型,7-9
车轴,7-9
扯,7-9
彻夜,7-9
撤,7-9
撤换,7-9
沉甸甸,7-9
沉淀,7-9
沉浸,7-9
沉闷,7-9
沉迷,7-9
沉思,7-9
沉稳,7-9
沉着,7-9
陈旧,7-9
陈列,7-9
陈述,7-9
衬托,7-9
趁,7-9
趁机,7-9
趁早,7-9
趁着,7-9
称呼,7-9
称作,7-9
成才,7-9
成家,7-9
成年,7-9
成千上万,7-9
成群结队,7-9
成天,7-9
成问题,7-9
成型,7-9
呈现,7-9
诚恳,7-9
诚心诚意,7-9
诚意,7-9
诚挚,7-9
承包,7-9
承载,7-9
城墙,7-9
乘人之危,7-9
盛,7-9
惩处,7-9
惩罚,7-9
澄清,7-9
橙汁,7-9
逞能,7-9
逞强,7-9
秤,7-9
吃不上,7-9
吃喝玩乐,7-9
吃苦,7-9
吃亏,7-9
痴呆,7-9
痴迷,7-9
痴心,7-9
池塘,7-9
驰名,7-9
迟迟,7-9
迟疑,7-9
迟早,7-9
持,7-9
持久,7-9
持之以恒,7-9
尺度,7-9
耻辱,7-9
耻笑,7-9
赤字,7-9
翅膀,7-9
冲刺,7-9
冲浪,7-9
冲洗,7-9
冲撞,7-9
充,7-9
充当,7-9
充沛,7-9
充实,7-9
重播,7-9
重叠,7-9
重返,7-9
重合,7-9
重申,7-9
重现,7-9
崇高,7-9
崇尚,7-9
宠,7-9
宠爱,7-9
抽签,7-9
抽屉,7-9
抽象,7-9
仇,7-9
仇恨,7-9
仇人,7-9
稠,7-9
稠密,7-9
愁眉苦脸,7-9
筹,7-9
筹办,7-9
筹备,7-9
筹措,7-9
筹划,7-9
筹集,7-9
筹码,7-9
丑恶,7-9
丑陋,7-9
丑闻,7-9
瞅,7-9
出版社,7-9
出厂,7-9
出丑,7-9
出道,7-9
出发点,7-9
出风头,7-9
出境,7-9
出局,7-9
出具,7-9
出口成章,7-9
出卖,7-9
出毛病,7-9
出难题,7-9
出人意料,7-9
出任,7-9
出山,7-9
出身,7-9
出示,7-9
出手,7-9
出头,7-9
出土,7-9
出息,7-9
出血,7-9
出演,7-9
出洋相,7-9
出游,7-9
出众,7-9
出主意,7-9
出资,7-9
出自,7-9
出走,7-9
初次,7-9
初衷,7-9
除此之外,7-9
除去,7-9
除外,7-9
处方,7-9
处境,7-9
处置,7-9
储备,7-9
储蓄,7-9
触动,7-9
触犯,7-9
触觉,7-9
触摸,7-9
触目惊心,7-9
揣,7-9
揣测,7-9
揣摩,7-9
踹,7-9
川流不息,7-9
穿过,7-9
穿小鞋,7-9
穿越,7-9
穿着,7-9
传承,7-9
传奇,7-9
传染,7-9
传染病,7-9
传人,7-9
传授,7-9
传闻,7-9
船舶,7-9
船桨,7-9
喘,7-9
喘息,7-9
串门,7-9
创伤,7-9
床位,7-9
创,7-9
创始人,7-9
吹了,7-9
吹牛,7-9
吹捧,7-9
垂,7-9
垂头丧气,7-9
捶,7-9
锤子,7-9
纯粹,7-9
纯洁,7-9
纯朴,7-9
醇厚,7-9
蠢,7-9
戳,7-9
绰号,7-9
瓷,7-9
瓷器,7-9
辞,7-9
辞呈,7-9
辞去,7-9
辞退,7-9
慈善,7-9
慈祥,7-9
磁带,7-9
磁卡,7-9
磁盘,7-9
此起彼伏,7-9
次日,7-9
伺候,7-9
刺耳,7-9
刺骨,7-9
刺绣,7-9
赐,7-9
赐教,7-9
匆匆,7-9
匆忙,7-9
葱,7-9
从今以后,7-9
从来不,7-9
从容,7-9
从容不迫,7-9
从头,7-9
从未,7-9
从业,7-9
从早到晚,7-9
丛林,7-9
凑,7-9
凑合,7-9
凑巧,7-9
粗暴,7-9
粗糙,7-9
粗鲁,7-9
粗略,7-9
粗心大意,7-9
促成,7-9
簇拥,7-9
窜,7-9
催,7-9
催促,7-9
催眠,7-9
摧毁,7-9
脆弱,7-9
翠绿,7-9
存放,7-9
存心,7-9
存折,7-9
搓,7-9
磋商,7-9
挫折,7-9
措手不及,7-9
错别字,7-9
错觉,7-9
错位,7-9
错综复杂,7-9
搭乘,7-9
搭建,7-9
达标,7-9
答辩,7-9
打岔,7-9
打倒,7-9
打盹儿,7-9
打交道,7-9
打搅,7-9
打捞,7-9
打量,7-9
打猎,7-9
打磨,7-9
打通,7-9
打仗,7-9
打招呼,7-9
大包大揽,7-9
大笔,7-9
大臣,7-9
大吃一惊,7-9
大大咧咧,7-9
大地,7-9
大队,7-9
大幅度,7-9
大公无私,7-9
大家庭,7-9
大街小巷,7-9
大惊小怪,7-9
大局,7-9
大款,7-9
大面积,7-9
大名鼎鼎,7-9
大模大样,7-9
大棚,7-9
大片,7-9
大气,7-9
大厦,7-9
大数据,7-9
大肆,7-9
大体,7-9
大体上,7-9
大同小异,7-9
大腕儿,7-9
大选,7-9
大雁,7-9
大意,7-9
大有可为,7-9
大宗,7-9
歹徒,7-9
逮,7-9
代号,7-9
代理人,7-9
代言人,7-9
带队,7-9
带路,7-9
带头,7-9
带头人,7-9
怠工,7-9
怠慢,7-9
逮捕,7-9
担,7-9
担当,7-9
担负,7-9
单边,7-9
单薄,7-9
单方面,7-9
单身,7-9
耽搁,7-9
耽误,7-9
胆怯,7-9
胆子,7-9
但愿,7-9
担子,7-9
诞辰,7-9
淡化,7-9
淡季,7-9
蛋白质,7-9
当即,7-9
当今,7-9
当面,7-9
当日,7-9
当事人,7-9
当务之急,7-9
当下,7-9
当心,7-9
当着,7-9
当之无愧,7-9
当众,7-9
当晚,7-9
当真,7-9
荡漾,7-9
档次,7-9
导弹,7-9
导航,7-9
导火索,7-9
导师,7-9
导向,7-9
岛屿,7-9
捣乱,7-9
倒卖,7-9
倒霉,7-9
倒塌,7-9
倒下,7-9
到头来,7-9
到位,7-9
倒计时,7-9
倒数,7-9
盗,7-9
盗窃,7-9
悼念,7-9
道具,7-9
稻草,7-9
得不偿失,7-9
得当,7-9
得力,7-9
得失,7-9
得手,7-9
得体,7-9
得天独厚,7-9
得益于,7-9
得意扬扬,7-9
得知,7-9
得罪,7-9
德,7-9
灯笼,7-9
灯泡,7-9
登机,7-9
登陆,7-9
蹬,7-9
凳子,7-9
瞪,7-9
低调,7-9
低估,7-9
低谷,7-9
低价,7-9
低迷,7-9
低碳,7-9
低下,7-9
堤,7-9
堤坝,7-9
提防,7-9
笛子,7-9
抵触,7-9
抵挡,7-9
抵消,7-9
抵押,7-9
抵御,7-9
抵制,7-9
底层,7-9
底线,7-9
底蕴,7-9
底子,7-9
地步,7-9
地道,7-9
地段,7-9
地理,7-9
地毯,7-9
地下水,7-9
地狱,7-9
地域,7-9
地质,7-9
弟子,7-9
帝国,7-9
帝国主义,7-9
递交,7-9
第一手,7-9
第一线,7-9
颠倒,7-9
颠覆,7-9
巅峰,7-9
典范,7-9
点火,7-9
点击率,7-9
点评,7-9
点心,7-9
点缀,7-9
点子,7-9
电报,7-9
电铃,7-9
电网,7-9
电线,7-9
电信,7-9
电讯,7-9
垫,7-9
垫底,7-9
垫子,7-9
淀粉,7-9
惦记,7-9
奠定,7-9
殿堂,7-9
刁难,7-9
叼,7-9
雕,7-9
雕刻,7-9
雕塑,7-9
吊销,7-9
钓鱼,7-9
调度,7-9
掉队,7-9
掉头,7-9
爹,7-9
迭起,7-9
叠,7-9
丁,7-9
叮嘱,7-9
盯,7-9
钉子,7-9
顶多,7-9
顶级,7-9
顶尖,7-9
订单,7-9
订购,7-9
订婚,7-9
订立,7-9
钉,7-9
定金,7-9
定居,7-9
定论,7-9
定为,7-9
定向,7-9
定心丸,7-9
定义,7-9
定做,7-9
丢掉,7-9
丢脸,7-9
丢弃,7-9
丢人,7-9
丢失,7-9
东奔西走,7-9
东道主,7-9
东张西望,7-9
董事,7-9
董事会,7-9
董事长,7-9
懂事,7-9
动不动,7-9
动荡,7-9
动感,7-9
动工,7-9
动静,7-9
动脉,7-9
动身,7-9
动弹,7-9
动听,7-9
动向,7-9
动用,7-9
冻结,7-9
栋,7-9
栋梁,7-9
兜,7-9
兜儿,7-9
兜售,7-9
抖,7-9
陡,7-9
斗,7-9
斗志,7-9
豆浆,7-9
豆子,7-9
逗,7-9
都会,7-9
督促,7-9
独,7-9
独唱,7-9
独家,7-9
独立自主,7-9
独身,7-9
独一无二,7-9
堵塞,7-9
杜绝,7-9
妒忌,7-9
度假,7-9
渡过,7-9
端正,7-9
短缺,7-9
短暂,7-9
段落,7-9
断定,7-9
断断续续,7-9
断裂,7-9
堆砌,7-9
队形,7-9
对白,7-9
对策,7-9
对称,7-9
对得起,7-9
对联,7-9
对弈,7-9
对照,7-9
对峙,7-9
对准,7-9
兑换,7-9
兑现,7-9
敦促,7-9
敦厚,7-9
炖,7-9
顿时,7-9
多边,7-9
多功能,7-9
多亏,7-9
多劳多得,7-9
多年来,7-9
多心,7-9
多余,7-9
多元,7-9
哆嗦,7-9
夺冠,7-9
夺魁,7-9
躲避,7-9
躲藏,7-9
舵手,7-9
堕落,7-9
讹诈,7-9
俄语,7-9
鹅,7-9
额外,7-9
厄运,7-9
恶,7-9
恶化,7-9
恶劣,7-9
恶性,7-9
恶意,7-9
遏制,7-9
鳄鱼,7-9
恩赐,7-9
恩惠,7-9
恩情,7-9
恩怨,7-9
而已,7-9
耳光,7-9
耳目一新,7-9
耳熟能详,7-9
耳闻目睹,7-9
二手车,7-9
二氧化碳,7-9
发布会,7-9
发财,7-9
发愁,7-9
发电机,7-9
发抖,7-9
发愤图强,7-9
发光,7-9
发火,7-9
发酵,7-9
发掘,7-9
发愣,7-9
发脾气,7-9
发起人,7-9
发热,7-9
发誓,7-9
发泄,7-9
发扬,7-9
发扬光大,7-9
发育,7-9
发源地,7-9
发作,7-9
阀门,7-9
发型,7-9
帆,7-9
帆船,7-9
翻番,7-9
翻来覆去,7-9
翻天覆地,7-9
凡,7-9
烦闷,7-9
烦恼,7-9
烦躁,7-9
繁华,7-9
繁忙,7-9
繁体字,7-9
繁重,7-9
反驳,7-9
反差,7-9
反常,7-9
反倒,7-9
反感,7-9
反过来,7-9
反击,7-9
反馈,7-9
反面,7-9
反思,7-9
反弹,7-9
反省,7-9
返还,7-9
犯愁,7-9
饭碗,7-9
泛滥,7-9
范畴,7-9
贩卖,7-9
方方面面,7-9
方向盘,7-9
方言,7-9
防盗,7-9
防盗门,7-9
防护,7-9
防火墙,7-9
防卫,7-9
防汛,7-9
防疫,7-9
防御,7-9
妨碍,7-9
妨害,7-9
房地产,7-9
仿,7-9
仿制,7-9
访谈,7-9
纺织,7-9
放过,7-9
放水,7-9
放肆,7-9
放映,7-9
放置,7-9
放纵,7-9
飞速,7-9
飞往,7-9
飞翔,7-9
飞跃,7-9
非得,7-9
非法,7-9
非凡,7-9
绯闻,7-9
肥料,7-9
肥胖,7-9
肥沃,7-9
肥皂,7-9
诽谤,7-9
废,7-9
废除,7-9
废话,7-9
废品,7-9
废寝忘食,7-9
废物,7-9
废墟,7-9
沸沸扬扬,7-9
沸腾,7-9
费劲,7-9
分辨,7-9
分寸,7-9
分担,7-9
分割,7-9
分红,7-9
分化,7-9
分泌,7-9
分明,7-9
分歧,7-9
分赃,7-9
分支,7-9
芬芳,7-9
吩咐,7-9
氛围,7-9
坟,7-9
坟墓,7-9
焚烧,7-9
粉,7-9
粉丝,7-9
粉碎,7-9
分量,7-9
分外,7-9
份额,7-9
奋力,7-9
奋勇,7-9
粪,7-9
粪便,7-9
丰富多彩,7-9
丰厚,7-9
丰满,7-9
丰盛,7-9
丰硕,7-9
风波,7-9
风采,7-9
风餐露宿,7-9
风范,7-9
风风雨雨,7-9
风和日丽,7-9
风浪,7-9
风力,7-9
风流,7-9
风貌,7-9
风气,7-9
风情,7-9
风趣,7-9
风沙,7-9
风尚,7-9
风水,7-9
风味,7-9
风雨,7-9
风云,7-9
风筝,7-9
封顶,7-9
封建,7-9
封面,7-9
封锁,7-9
疯子,7-9
峰回路转,7-9
蜂蜜,7-9
逢,7-9
缝,7-9
缝合,7-9
讽刺,7-9
凤凰,7-9
否决,7-9
孵化,7-9
敷,7-9
扶持,7-9
服饰,7-9
服务器,7-9
服用,7-9
俘获,7-9
俘虏,7-9
浮力,7-9
浮现,7-9
浮躁,7-9
辐射,7-9
福气,7-9
抚摸,7-9
抚恤,7-9
抚养,7-9
抚养费,7-9
斧子,7-9
俯首,7-9
辅导,7-9
腐败,7-9
腐化,7-9
腐烂,7-9
腐蚀,7-9
腐朽,7-9
付费,7-9
付款,7-9
负面,7-9
负有,7-9
附,7-9
附带,7-9
附和,7-9
附加,7-9
附属,7-9
赴,7-9
复查,7-9
复发,7-9
复合,7-9
复活,7-9
复兴,7-9
复原,7-9
副作用,7-9
赋予,7-9
富含,7-9
富豪,7-9
富强,7-9
富翁,7-9
富裕,7-9
富足,7-9
腹部,7-9
腹泻,7-9
覆盖,7-9
改版,7-9
改编,7-9
改动,7-9
改革开放,7-9
改良,7-9
改名,7-9
改日,7-9
改为,7-9
改邪归正,7-9
钙,7-9
盖子,7-9
概况,7-9
概率,7-9
概论,7-9
干戈,7-9
干旱,7-9
干燥,7-9
甘心,7-9
肝脏,7-9
尴尬,7-9
赶赴,7-9
赶往,7-9
敢情,7-9
感,7-9
感触,7-9
感恩,7-9
感激,7-9
感慨,7-9
感染,7-9
感染力,7-9
感叹,7-9
感性,7-9
干部,7-9
干事,7-9
刚毅,7-9
纲领,7-9
纲要,7-9
钢,7-9
缸,7-9
港,7-9
杠铃,7-9
高昂,7-9
高傲,7-9
高超,7-9
高低,7-9
高调,7-9
高额,7-9
高尔夫球,7-9
高峰期,7-9
高贵,7-9
高空,7-9
高龄,7-9
高明,7-9
高山,7-9
高效,7-9
高新技术,7-9
高血压,7-9
高压,7-9
高雅,7-9
高涨,7-9
搞鬼,7-9
搞笑,7-9
告,7-9
告辞,7-9
告诫,7-9
告示,7-9
告知,7-9
告状,7-9
戈壁,7-9
胳膊,7-9
鸽子,7-9
搁,7-9
搁浅,7-9
搁置,7-9
割,7-9
歌剧,7-9
歌颂,7-9
歌舞,7-9
歌咏,7-9
革命,7-9
格,7-9
格格不入,7-9
格局,7-9
格式,7-9
隔阂,7-9
隔离,7-9
个案,7-9
个头儿,7-9
各奔前程,7-9
各式各样,7-9
根基,7-9
根深蒂固,7-9
根源,7-9
根治,7-9
跟不上,7-9
跟上,7-9
跟踪,7-9
更改,7-9
更衣室,7-9
耕地,7-9
耿直,7-9
工地,7-9
工会,7-9
工科,7-9
工商界,7-9
工序,7-9
工整,7-9
工作量,7-9
弓,7-9
公安局,7-9
公车,7-9
公道,7-9
公费,7-9
公共场所,7-9
公关,7-9
公函,7-9
公积金,7-9
公开信,7-9
公款,7-9
公立,7-9
公墓,7-9
公仆,7-9
公顷,7-9
公然,7-9
公示,7-9
公事,7-9
公务,7-9
公益,7-9
公益性,7-9
公用,7-9
公寓,7-9
公约,7-9
公证,7-9
公职,7-9
功,7-9
功臣,7-9
功底,7-9
功劳,7-9
功力,7-9
功率,7-9
功效,7-9
攻,7-9
攻读,7-9
攻关,7-9
供,7-9
供不应求,7-9
供暖,7-9
供求,7-9
宫殿,7-9
宫廷,7-9
恭维,7-9
恭喜,7-9
拱,7-9
共鸣,7-9
共识,7-9
共同体,7-9
共性,7-9
供奉,7-9
勾,7-9
勾画,7-9
勾结,7-9
钩,7-9
钩子,7-9
构思,7-9
构想,7-9
购,7-9
够呛,7-9
估算,7-9
沽名钓誉,7-9
孤单,7-9
孤立,7-9
孤零零,7-9
孤陋寡闻,7-9
辜负,7-9
古董,7-9
古怪,7-9
古迹,7-9
古今中外,7-9
古朴,7-9
古人,7-9
股份,7-9
股民,7-9
股市,7-9
骨干,7-9
骨气,7-9
骨折,7-9
鼓动,7-9
鼓舞,7-9
固然,7-9
固执,7-9
故,7-9
顾不得,7-9
顾不上,7-9
顾及,7-9
顾虑,7-9
顾全大局,7-9
雇,7-9
雇佣,7-9
雇员,7-9
雇主,7-9
瓜分,7-9
瓜子,7-9
刮风,7-9
寡妇,7-9
挂钩,7-9
挂号,7-9
挂念,7-9
挂失,7-9
乖,7-9
乖巧,7-9
拐弯,7-9
拐杖,7-9
怪不得,7-9
怪物,7-9
怪异,7-9
关掉,7-9
关节,7-9
关税,7-9
关头,7-9
关照,7-9
观测,7-9
观感,7-9
观摩,7-9
观赏,7-9
观望,7-9
官兵,7-9
官吏,7-9
官僚,7-9
官僚主义,7-9
官员,7-9
棺材,7-9
管家,7-9
管教,7-9
管理费,7-9
管辖,7-9
管用,7-9
管子,7-9
贯彻,7-9
贯穿,7-9
贯通,7-9
惯,7-9
惯例,7-9
惯性,7-9
灌,7-9
灌溉,7-9
灌输,7-9
罐,7-9
罐头,7-9
光彩,7-9
光碟,7-9
光顾,7-9
光滑,7-9
光环,7-9
光缆,7-9
光芒,7-9
光明磊落,7-9
光泽,7-9
广义,7-9
归根到底,7-9
归还,7-9
归结,7-9
归来,7-9
归纳,7-9
归属,7-9
归宿,7-9
龟,7-9
规格,7-9
规矩,7-9
闺女,7-9
瑰宝,7-9
轨迹,7-9
柜台,7-9
贵宾,7-9
贵重,7-9
贵族,7-9
桂花,7-9
滚动,7-9
棍,7-9
棍子,7-9
国宝,7-9
国防,7-9
国画,7-9
国徽,7-9
国情,7-9
国土,7-9
国学,7-9
国有,7-9
果断,7-9
果园,7-9
果真,7-9
裹,7-9
过半,7-9
过不去,7-9
过错,7-9
过道,7-9
过关,7-9
过奖,7-9
过节,7-9
过境,7-9
过滤,7-9
过期,7-9
过日子,7-9
过剩,7-9
过失,7-9
过头,7-9
过往,7-9
过意不去,7-9
过瘾,7-9
过硬,7-9
过早,7-9
海岸,7-9
海拔,7-9
海滨,7-9
海盗,7-9
海量,7-9
海绵,7-9
海面,7-9
海内外,7-9
海滩,7-9
海峡,7-9
海啸,7-9
海域,7-9
海运,7-9
海藻,7-9
骇人听闻,7-9
害虫,7-9
害臊,7-9
害羞,7-9
酣畅,7-9
酣睡,7-9
含糊,7-9
含蓄,7-9
函授,7-9
涵盖,7-9
涵义,7-9
罕见,7-9
汗水,7-9
旱,7-9
旱灾,7-9
捍卫,7-9
焊,7-9
行家,7-9
行列,7-9
行情,7-9
航海,7-9
航天,7-9
航天员,7-9
航行,7-9
航运,7-9
毫不,7-9
毫不犹豫,7-9
毫无,7-9
豪华,7-9
好比,7-9
好歹,7-9
好感,7-9
好坏,7-9
好家伙,7-9
好评,7-9
好说,7-9
好笑,7-9
好心,7-9
好心人,7-9
好意,7-9
好在,7-9
号称,7-9
好客,7-9
好奇心,7-9
耗,7-9
耗费,7-9
耗时,7-9
浩劫,7-9
呵护,7-9
禾苗,7-9
合唱,7-9
合乎,7-9
合伙,7-9
合计,7-9
合情合理,7-9
合影,7-9
合资,7-9
合作社,7-9
何必,7-9
何处,7-9
何苦,7-9
何况,7-9
何时,7-9
和蔼,7-9
和解,7-9
和睦,7-9
和平共处,7-9
和气,7-9
和尚,7-9
河流,7-9
河畔,7-9
荷花,7-9
核,7-9
核电站,7-9
核对,7-9
核能,7-9
核实,7-9
核桃,7-9
核武器,7-9
贺电,7-9
贺信,7-9
喝彩,7-9
赫然,7-9
鹤立鸡群,7-9
黑白,7-9
黑客,7-9
黑马,7-9
黑手,7-9
黑心,7-9
嘿,7-9
痕迹,7-9
恨不得,7-9
哼,7-9
横七竖八,7-9
横向,7-9
轰,7-9
轰动,7-9
轰炸,7-9
哄,7-9
哄堂大笑,7-9
烘干,7-9
烘托,7-9
弘扬,7-9
红灯,7-9
红火,7-9
红扑扑,7-9
红润,7-9
红薯,7-9
红眼,7-9
宏观,7-9
宏伟,7-9
洪亮,7-9
喉咙,7-9
吼,7-9
后备,7-9
后备箱,7-9
后代,7-9
后盾,7-9
后顾之忧,7-9
后期,7-9
后勤,7-9
后人,7-9
后台,7-9
后退,7-9
后续,7-9
后遗症,7-9
后裔,7-9
后者,7-9
厚道,7-9
厚度,7-9
候选人,7-9
呼风唤雨,7-9
呼唤,7-9
呼救,7-9
呼声,7-9
呼应,7-9
呼吁,7-9
忽高忽低,7-9
忽悠,7-9
胡闹,7-9
胡说,7-9
胡思乱想,7-9
湖泊,7-9
糊,7-9
糊涂,7-9
互补,7-9
互访,7-9
互信,7-9
互助,7-9
护理,7-9
花瓣,7-9
花卉,7-9
花纹,7-9
花样,7-9
划算,7-9
华丽,7-9
华侨,7-9
华裔,7-9
哗变,7-9
哗然,7-9
滑冰,7-9
滑稽,7-9
滑梯,7-9
滑雪,7-9
化肥,7-9
化身,7-9
化纤,7-9
化险为夷,7-9
化验,7-9
化妆,7-9
划时代,7-9
画册,7-9
画龙点睛,7-9
画蛇添足,7-9
画展,7-9
话费,7-9
话筒,7-9
话语,7-9
怀抱,7-9
怀旧,7-9
怀里,7-9
怀孕,7-9
怀着,7-9
槐树,7-9
坏事,7-9
欢呼,7-9
欢聚,7-9
欢快,7-9
欢声笑语,7-9
还款,7-9
还原,7-9
环球,7-9
环绕,7-9
缓,7-9
缓和,7-9
缓缓,7-9
缓慢,7-9
幻觉,7-9
幻影,7-9
换成,7-9
换取,7-9
换位,7-9
换言之,7-9
唤起,7-9
患,7-9
患病,7-9
患有,7-9
焕发,7-9
荒,7-9
荒诞,7-9
荒凉,7-9
荒谬,7-9
慌乱,7-9
慌张,7-9
皇宫,7-9
皇后,7-9
皇上,7-9
皇室,7-9
黄昏,7-9
恍然大悟,7-9
晃,7-9
谎话,7-9
谎言,7-9
晃荡,7-9
灰,7-9
灰尘,7-9
灰心,7-9
挥,7-9
辉煌,7-9
回归,7-9
回扣,7-9
回馈,7-9
回落,7-9
回升,7-9
回首,7-9
回味,7-9
回想,7-9
回忆录,7-9
悔恨,7-9
毁坏,7-9
毁灭,7-9
汇合,7-9
汇集,7-9
汇聚,7-9
会场,7-9
会面,7-9
会晤,7-9
会意,7-9
会诊,7-9
绘声绘色,7-9
贿赂,7-9
昏迷,7-9
婚纱,7-9
婚姻,7-9
浑身,7-9
魂,7-9
混凝土,7-9
混淆,7-9
混浊,7-9
豁,7-9
豁出去,7-9
活该,7-9
活期,7-9
活儿,7-9
火暴,7-9
火锅,7-9
火候,7-9
火花,7-9
火炬,7-9
火辣辣,7-9
火热,7-9
火山,7-9
火速,7-9
火焰,7-9
火药,7-9
伙食,7-9
或多或少,7-9
货币,7-9
货车,7-9
货物,7-9
货运,7-9
获胜,7-9
获悉,7-9
祸害,7-9
霍乱,7-9
豁达,7-9
几率,7-9
讥笑,7-9
饥饿,7-9
机舱,7-9
机动,7-9
机灵,7-9
机密,7-9
机智,7-9
肌肤,7-9
积,7-9
积淀,7-9
积蓄,7-9
基本功,7-9
基层,7-9
基因,7-9
基于,7-9
基准,7-9
畸形,7-9
激发,7-9
激光,7-9
激化,7-9
激活,7-9
激励,7-9
激起,7-9
激素,7-9
及,7-9
及其,7-9
及早,7-9
吉普,7-9
吉他,7-9
吉祥物,7-9
级别,7-9
极度,7-9
极力,7-9
极少数,7-9
极为,7-9
极限,7-9
即,7-9
即便,7-9
即可,7-9
急剧,7-9
急迫,7-9
急性,7-9
急需,7-9
急于,7-9
急诊,7-9
急转弯,7-9
棘手,7-9
集会,7-9
集结,7-9
集邮,7-9
集装箱,7-9
集资,7-9
嫉妒,7-9
挤压,7-9
脊梁,7-9
计,7-9
计策,7-9
计较,7-9
计时,7-9
记号,7-9
记忆犹新,7-9
纪录片,7-9
纪念碑,7-9
纪念馆,7-9
纪念日,7-9
纪实,7-9
技艺,7-9
忌,7-9
忌讳,7-9
忌口,7-9
剂,7-9
迹象,7-9
继,7-9
继而,7-9
继父,7-9
继母,7-9
祭,7-9
祭奠,7-9
祭祀,7-9
寄托,7-9
寂静,7-9
寂寞,7-9
加紧,7-9
加剧,7-9
加深,7-9
加重,7-9
佳节,7-9
家伙,7-9
家家户户,7-9
家教,7-9
家境,7-9
家禽,7-9
家用,7-9
家喻户晓,7-9
家政,7-9
家族,7-9
嘉年华,7-9
假定,7-9
假冒,7-9
假设,7-9
假使,7-9
假装,7-9
价位,7-9
价值观,7-9
驾,7-9
驾车,7-9
驾驭,7-9
架势,7-9
架子,7-9
嫁,7-9
嫁妆,7-9
尖端,7-9
尖锐,7-9
奸诈,7-9
歼灭,7-9
坚持不懈,7-9
坚韧,7-9
坚实,7-9
坚守,7-9
坚信,7-9
坚硬,7-9
肩膀,7-9
肩负,7-9
艰巨,7-9
艰苦奋斗,7-9
艰险,7-9
艰辛,7-9
监察,7-9
监管,7-9
监护,7-9
监控,7-9
监视,7-9
监狱,7-9
兼,7-9
兼顾,7-9
兼任,7-9
兼容,7-9
兼职,7-9
煎,7-9
拣,7-9
检察,7-9
检讨,7-9
减免,7-9
减弱,7-9
减速,7-9
减压,7-9
简称,7-9
简短,7-9
简化,7-9
简洁,7-9
简陋,7-9
简体字,7-9
简要,7-9
简易,7-9
见解,7-9
见钱眼开,7-9
见仁见智,7-9
见识,7-9
见外,7-9
见效,7-9
见义勇为,7-9
见证,7-9
间谍,7-9
间断,7-9
间隔,7-9
间隙,7-9
建交,7-9
建树,7-9
建筑师,7-9
建筑物,7-9
贱,7-9
健美,7-9
健壮,7-9
溅,7-9
鉴别,7-9
鉴赏,7-9
鉴于,7-9
姜,7-9
僵,7-9
僵化,7-9
僵局,7-9
讲解,7-9
讲述,7-9
讲学,7-9
奖杯,7-9
奖牌,7-9
奖品,7-9
奖项,7-9
降临,7-9
交叉,7-9
交锋,7-9
交付,7-9
交集,7-9
交接,7-9
交界,7-9
交纳,7-9
交情,7-9
交涉,7-9
交谈,7-9
交替,7-9
交头接耳,7-9
交响乐,7-9
郊外,7-9
郊游,7-9
浇,7-9
娇惯,7-9
娇气,7-9
胶囊,7-9
胶片,7-9
焦,7-9
焦急,7-9
焦距,7-9
焦虑,7-9
焦躁,7-9
礁石,7-9
嚼,7-9
角落,7-9
狡猾,7-9
绞,7-9
矫正,7-9
搅,7-9
搅拌,7-9
缴,7-9
缴费,7-9
缴纳,7-9
叫板,7-9
叫好,7-9
轿车,7-9
较劲,7-9
较量,7-9
教科书,7-9
教条,7-9
教养,7-9
阶层,7-9
阶级,7-9
阶梯,7-9
皆,7-9
接班,7-9
接班人,7-9
接二连三,7-9
接轨,7-9
接济,7-9
接见,7-9
接力,7-9
接纳,7-9
接手,7-9
接送,7-9
接替,7-9
接听,7-9
接通,7-9
揭发,7-9
揭露,7-9
揭示,7-9
揭晓,7-9
节俭,7-9
节气,7-9
节水,7-9
节衣缩食,7-9
劫,7-9
劫持,7-9
洁净,7-9
结冰,7-9
结晶,7-9
结局,7-9
结识,7-9
结尾,7-9
截,7-9
截然不同,7-9
竭尽全力,7-9
竭力,7-9
解答,7-9
解读,7-9
解雇,7-9
解救,7-9
解剖,7-9
解散,7-9
解体,7-9
解脱,7-9
解围,7-9
解析,7-9
介入,7-9
介意,7-9
介于,7-9
戒备,7-9
戒烟,7-9
戒指,7-9
届时,7-9
界定,7-9
界限,7-9
界线,7-9
借口,7-9
借条,7-9
借用,7-9
借助,7-9
金属,7-9
金子,7-9
金字塔,7-9
津津有味,7-9
津贴,7-9
筋,7-9
禁不住,7-9
仅次于,7-9
尽早,7-9
紧凑,7-9
紧接着,7-9
紧迫,7-9
紧缺,7-9
紧缩,7-9
锦旗,7-9
谨慎,7-9
尽情,7-9
尽头,7-9
进场,7-9
进程,7-9
进出,7-9
进出口,7-9
进度,7-9
进而,7-9
进修,7-9
近年来,7-9
劲头,7-9
晋升,7-9
浸泡,7-9
禁忌,7-9
禁区,7-9
茎,7-9
经,7-9
经度,7-9
经久不息,7-9
经贸,7-9
经商,7-9
经受,7-9
荆棘,7-9
惊,7-9
惊诧,7-9
惊慌,7-9
惊慌失措,7-9
惊奇,7-9
惊叹,7-9
惊天动地,7-9
惊险,7-9
惊心动魄,7-9
惊醒,7-9
惊讶,7-9
晶莹,7-9
兢兢业业,7-9
精打细算,7-9
精华,7-9
精简,7-9
精练,7-9
精妙,7-9
精明,7-9
精疲力竭,7-9
精确,7-9
精神病,7-9
精髓,7-9
精通,7-9
精细,7-9
精心,7-9
精益求精,7-9
精英,7-9
精致,7-9
颈部,7-9
景观,7-9
景区,7-9
警车,7-9
警官,7-9
警惕,7-9
警钟,7-9
净化,7-9
竞技,7-9
竞相,7-9
竞选,7-9
竟,7-9
竟敢,7-9
敬,7-9
敬爱,7-9
敬而远之,7-9
敬酒,7-9
敬礼,7-9
敬佩,7-9
敬请,7-9
敬业,7-9
敬意,7-9
敬重,7-9
静止,7-9
境地,7-9
境界,7-9
境内,7-9
境外,7-9
境遇,7-9
窘迫,7-9
纠缠,7-9
揪,7-9
久违,7-9
久仰,7-9
酒精,7-9
酒楼,7-9
救护车,7-9
救济,7-9
救治,7-9
就餐,7-9
就地,7-9
就读,7-9
就近,7-9
就任,7-9
就医,7-9
就诊,7-9
就职,7-9
就座,7-9
舅舅,7-9
拘留,7-9
拘束,7-9
居高临下,7-9
居民楼,7-9
鞠躬,7-9
局部,7-9
局势,7-9
局限,7-9
菊花,7-9
橘子,7-9
沮丧,7-9
举报,7-9
举措,7-9
举例,7-9
举世闻名,7-9
举世无双,7-9
举世瞩目,7-9
举一反三,7-9
举止,7-9
举重,7-9
巨额,7-9
巨人,7-9
巨头,7-9
巨星,7-9
巨型,7-9
剧烈,7-9
剧目,7-9
剧情,7-9
剧团,7-9
剧院,7-9
剧组,7-9
据此,7-9
据悉,7-9
距,7-9
锯,7-9
聚集,7-9
聚精会神,7-9
捐献,7-9
卷入,7-9
卷子,7-9
决议,7-9
诀别,7-9
诀窍,7-9
角逐,7-9
觉醒,7-9
绝技,7-9
绝缘,7-9
绝招,7-9
倔强,7-9
崛起,7-9
爵士,7-9
倔,7-9
军官,7-9
均衡,7-9
均匀,7-9
君子,7-9
俊,7-9
俊俏,7-9
骏马,7-9
竣工,7-9
卡车,7-9
卡片,7-9
卡通,7-9
开办,7-9
开采,7-9
开场,7-9
开场白,7-9
开除,7-9
开动,7-9
开发区,7-9
开发商,7-9
开工,7-9
开垦,7-9
开口,7-9
开阔,7-9
开朗,7-9
开辟,7-9
开启,7-9
开枪,7-9
开天辟地,7-9
开拓,7-9
开销,7-9
开张,7-9
开支,7-9
凯歌,7-9
楷模,7-9
刊登,7-9
刊物,7-9
看护,7-9
勘探,7-9
堪称,7-9
侃大山,7-9
砍,7-9
看得出,7-9
看热闹,7-9
看似,7-9
看台,7-9
看样子,7-9
看中,7-9
看重,7-9
慷慨,7-9
扛,7-9
抗衡,7-9
抗拒,7-9
抗生素,7-9
抗争,7-9
考量,7-9
烤,7-9
靠拢,7-9
苛刻,7-9
科幻,7-9
科目,7-9
科普,7-9
磕,7-9
壳,7-9
咳嗽,7-9
可悲,7-9
可不是,7-9
可乘之机,7-9
可耻,7-9
可歌可泣,7-9
可观,7-9
可贵,7-9
可口,7-9
可谓,7-9
可恶,7-9
可想而知,7-9
可笑,7-9
可信,7-9
可行,7-9
可疑,7-9
克隆,7-9
克制,7-9
刻苦,7-9
刻意,7-9
刻舟求剑,7-9
客房,7-9
客机,7-9
客流,7-9
客运,7-9
恳求,7-9
啃,7-9
坑,7-9
空荡荡,7-9
空难,7-9
空前,7-9
空想,7-9
空虚,7-9
恐怖,7-9
恐吓,7-9
恐慌,7-9
恐惧,7-9
恐龙,7-9
空白,7-9
空地,7-9
空隙,7-9
控告,7-9
抠,7-9
口碑,7-9
口才,7-9
口吃,7-9
口感,7-9
口径,7-9
口令,7-9
口气,7-9
口腔,7-9
口哨,7-9
口水,7-9
口头,7-9
口味,7-9
口香糖,7-9
口音,7-9
口罩,7-9
口子,7-9
扣除,7-9
扣留,7-9
扣人心弦,7-9
扣押,7-9
枯燥,7-9
哭泣,7-9
哭笑不得,7-9
窟窿,7-9
苦力,7-9
苦练,7-9
苦难,7-9
苦恼,7-9
苦笑,7-9
苦心,7-9
酷似,7-9
夸,7-9
夸大,7-9
夸奖,7-9
夸夸其谈,7-9
夸耀,7-9
夸张,7-9
垮,7-9
挎,7-9
跨国,7-9
跨越,7-9
快捷,7-9
宽敞,7-9
宽泛,7-9
宽厚,7-9
宽容,7-9
宽恕,7-9
宽松,7-9
款式,7-9
款项,7-9
筐,7-9
狂欢,7-9
狂欢节,7-9
狂热,7-9
旷课,7-9
况且,7-9
矿藏,7-9
框,7-9
框架,7-9
亏本,7-9
亏损,7-9
昆虫,7-9
捆,7-9
困惑,7-9
困境,7-9
扩,7-9
扩建,7-9
扩散,7-9
扩张,7-9
括弧,7-9
阔绰,7-9
拉动,7-9
拉拢,7-9
拉锁,7-9
啦啦队,7-9
喇叭,7-9
腊月,7-9
蜡,7-9
蜡烛,7-9
辣椒,7-9
来宾,7-9
来电,7-9
来访,7-9
来回,7-9
来历,7-9
来临,7-9
来龙去脉,7-9
来年,7-9
来源于,7-9
拦,7-9
栏,7-9
栏杆,7-9
蓝图,7-9
揽,7-9
缆车,7-9
懒得,7-9
懒惰,7-9
滥用,7-9
狼,7-9
狼狈,7-9
朗诵,7-9
浪,7-9
捞,7-9
劳动力,7-9
劳累,7-9
劳务,7-9
牢固,7-9
牢记,7-9
牢牢,7-9
唠叨,7-9
老伴儿,7-9
老大,7-9
老汉,7-9
老化,7-9
老人家,7-9
老实说,7-9
老远,7-9
老字号,7-9
姥姥,7-9
姥爷,7-9
涝,7-9
乐意,7-9
乐园,7-9
勒,7-9
雷同,7-9
累积,7-9
累计,7-9
类别,7-9
棱角,7-9
冷淡,7-9
冷冻,7-9
冷酷,7-9
冷酷无情,7-9
冷落,7-9
冷门,7-9
冷漠,7-9
冷笑,7-9
冷战,7-9
愣,7-9
离谱儿,7-9
离奇,7-9
离职,7-9
黎明,7-9
礼服,7-9
礼品,7-9
礼仪,7-9
里程碑,7-9
理睬,7-9
理会,7-9
理科,7-9
理念,7-9
理事,7-9
理所当然,7-9
理性,7-9
理直气壮,7-9
力不从心,7-9
力度,7-9
力求,7-9
力所能及,7-9
力争,7-9
历程,7-9
历届,7-9
历经,7-9
历来,7-9
历时,7-9
立方,7-9
立方米,7-9
立功,7-9
立交桥,7-9
立体,7-9
立足,7-9
励志,7-9
利害,7-9
利率,7-9
利索,7-9
粒,7-9
连滚带爬,7-9
连绵,7-9
连任,7-9
连锁,7-9
连锁店,7-9
连夜,7-9
怜惜,7-9
帘子,7-9
莲子,7-9
联邦,7-9
联欢,7-9
联网,7-9
廉价,7-9
廉洁,7-9
廉正,7-9
廉政,7-9
脸颊,7-9
炼,7-9
恋恋不舍,7-9
良,7-9
良心,7-9
良性,7-9
凉爽,7-9
两口子,7-9
两栖,7-9
亮点,7-9
亮丽,7-9
亮相,7-9
谅解,7-9
辽阔,7-9
疗法,7-9
疗效,7-9
寥寥无几,7-9
潦草,7-9
了结,7-9
了却,7-9
料到,7-9
料理,7-9
咧嘴,7-9
列举,7-9
劣势,7-9
劣质,7-9
烈士,7-9
猎犬,7-9
猎人,7-9
裂缝,7-9
裂痕,7-9
拎,7-9
邻国,7-9
临,7-9
临床,7-9
临街,7-9
临近,7-9
淋,7-9
灵,7-9
灵感,7-9
灵魂,7-9
灵机一动,7-9
灵敏,7-9
灵巧,7-9
灵通,7-9
凌晨,7-9
零花钱,7-9
零件,7-9
零钱,7-9
零售,7-9
领队,7-9
领会,7-9
领军,7-9
领略,7-9
领事,7-9
领事馆,7-9
领土,7-9
领悟,7-9
领养,7-9
领域,7-9
溜,7-9
溜达,7-9
浏览,7-9
浏览器,7-9
留恋,7-9
留念,7-9
留神,7-9
留心,7-9
留意,7-9
流畅,7-9
流程,7-9
流浪,7-9
流泪,7-9
流量,7-9
流露,7-9
流氓,7-9
流入,7-9
流失,7-9
流水,7-9
流淌,7-9
流向,7-9
流血,7-9
流域,7-9
流转,7-9
柳树,7-9
遛,7-9
龙舟,7-9
聋,7-9
聋人,7-9
笼子,7-9
隆重,7-9
垄断,7-9
笼统,7-9
笼罩,7-9
搂,7-9
露面,7-9
芦花,7-9
炉灶,7-9
炉子,7-9
卤味,7-9
鲁莽,7-9
录制,7-9
鹿,7-9
路程,7-9
路灯,7-9
路段,7-9
路况,7-9
路面,7-9
路人,7-9
路途,7-9
路子,7-9
露天,7-9
旅程,7-9
旅途,7-9
铝,7-9
屡,7-9
屡次,7-9
缕,7-9
履行,7-9
率,7-9
绿灯,7-9
绿地,7-9
孪生,7-9
卵,7-9
乱七八糟,7-9
掠夺,7-9
略,7-9
略微,7-9
抡,7-9
伦理,7-9
轮换,7-9
轮廓,7-9
轮流,7-9
轮胎,7-9
论述,7-9
论坛,7-9
论证,7-9
罗,7-9
萝卜,7-9
螺丝,7-9
裸,7-9
裸露,7-9
络绎不绝,7-9
落差,7-9
落地,7-9
落户,7-9
落下,7-9
麻,7-9
麻痹,7-9
麻将,7-9
麻辣,7-9
麻木,7-9
麻醉,7-9
马后炮,7-9
马虎,7-9
马力,7-9
马桶,7-9
马戏,7-9
码,7-9
埋藏,7-9
埋伏,7-9
埋没,7-9
买不起,7-9
迈,7-9
迈进,7-9
卖弄,7-9
脉搏,7-9
脉络,7-9
埋怨,7-9
蛮,7-9
瞒,7-9
满怀,7-9
蔓延,7-9
漫,7-9
漫游,7-9
慢慢来,7-9
慢性,7-9
忙活,7-9
忙碌,7-9
忙乱,7-9
盲目,7-9
茫然,7-9
矛头,7-9
茅台,7-9
茂密,7-9
茂盛,7-9
冒充,7-9
冒犯,7-9
冒昧,7-9
冒险,7-9
没劲,7-9
没说的,7-9
没完没了,7-9
没意思,7-9
没辙,7-9
没准儿,7-9
玫瑰,7-9
枚,7-9
眉开眼笑,7-9
眉毛,7-9
煤矿,7-9
煤炭,7-9
每当,7-9
每逢,7-9
美德,7-9
美观,7-9
美化,7-9
美景,7-9
美满,7-9
美妙,7-9
美人,7-9
美味,7-9
美中不足,7-9
美滋滋,7-9
魅力,7-9
闷,7-9
门当户对,7-9
门槛,7-9
门铃,7-9
门路,7-9
萌发,7-9
萌芽,7-9
盟友,7-9
朦胧,7-9
猛烈,7-9
猛然,7-9
梦幻,7-9
弥补,7-9
弥漫,7-9
迷惑,7-9
迷惑不解,7-9
迷恋,7-9
迷路,7-9
迷失,7-9
谜,7-9
谜底,7-9
谜团,7-9
谜语,7-9
秘方,7-9
秘诀,7-9
密不可分,7-9
密度,7-9
密封,7-9
密集,7-9
蜜,7-9
蜜蜂,7-9
蜜月,7-9
棉花,7-9
免,7-9
免不了,7-9
免除,7-9
免疫,7-9
免职,7-9
勉强,7-9
缅怀,7-9
面部,7-9
面粉,7-9
面红耳赤,7-9
面面俱到,7-9
面目全非,7-9
苗,7-9
苗条,7-9
苗头,7-9
描绘,7-9
瞄准,7-9
渺小,7-9
庙,7-9
庙会,7-9
灭绝,7-9
灭亡,7-9
民办,7-9
民俗,7-9
民用,7-9
民众,7-9
敏捷,7-9
敏锐,7-9
名副其实,7-9
名贵,7-9
名利,7-9
名气,7-9
名声,7-9
名言,7-9
名著,7-9
明朗,7-9
明媚,7-9
明智,7-9
铭记,7-9
命名,7-9
命题,7-9
摸索,7-9
模拟,7-9
磨合,7-9
磨难,7-9
磨损,7-9
蘑菇,7-9
魔鬼,7-9
魔术,7-9
抹,7-9
末日,7-9
没落,7-9
陌生,7-9
莫非,7-9
莫过于,7-9
莫名其妙,7-9
漠然,7-9
墨,7-9
默读,7-9
默默无闻,7-9
默契,7-9
谋害,7-9
谋求,7-9
谋生,7-9
牡丹,7-9
亩,7-9
木板,7-9
木材,7-9
木匠,7-9
木偶,7-9
目不转睛,7-9
目瞪口呆,7-9
目的地,7-9
目睹,7-9
目录,7-9
目中无人,7-9
沐浴露,7-9
牧场,7-9
牧民,7-9
募捐,7-9
墓碑,7-9
墓地,7-9
幕,7-9
幕后,7-9
穆斯林,7-9
拿手,7-9
哪知道,7-9
呐喊,7-9
纳闷儿,7-9
纳入,7-9
纳税,7-9
纳税人,7-9
乃,7-9
乃至,7-9
耐,7-9
耐人寻味,7-9
耐性,7-9
南瓜,7-9
难处,7-9
难得一见,7-9
难点,7-9
难怪,7-9
难关,7-9
难堪,7-9
难说,7-9
难为情,7-9
难以想象,7-9
难以置信,7-9
挠,7-9
恼羞成怒,7-9
脑海,7-9
脑筋,7-9
闹事,7-9
闹着玩儿,7-9
内存,7-9
内阁,7-9
内涵,7-9
内行,7-9
内幕,7-9
内向,7-9
内需,7-9
嫩,7-9
能耗,7-9
能耐,7-9
能人,7-9
能源,7-9
尼龙,7-9
泥潭,7-9
泥土,7-9
拟,7-9
拟定,7-9
逆,7-9
匿名,7-9
年画,7-9
年迈,7-9
年限,7-9
年薪,7-9
年夜饭,7-9
年终,7-9
黏,7-9
念念不忘,7-9
念书,7-9
念头,7-9
娘,7-9
酿造,7-9
鸟巢,7-9
尿,7-9
捏,7-9
拧,7-9
凝固,7-9
凝聚,7-9
宁可,7-9
宁愿,7-9
扭曲,7-9
扭头,7-9
扭转,7-9
纽带,7-9
纽扣,7-9
农场,7-9
农历,7-9
农民工,7-9
农作物,7-9
浓厚,7-9
浓缩,7-9
浓郁,7-9
浓重,7-9
弄虚作假,7-9
奴隶,7-9
女婿,7-9
暖烘烘,7-9
虐待,7-9
挪,7-9
诺言,7-9
哦,7-9
殴打,7-9
呕吐,7-9
趴,7-9
拍板,7-9
拍卖,7-9
拍戏,7-9
排斥,7-9
排放,7-9
排练,7-9
徘徊,7-9
牌照,7-9
派别,7-9
派遣,7-9
鑾,7-9
攀升,7-9
盘算,7-9
判处,7-9
判定,7-9
判决,7-9
盼,7-9
叛逆,7-9
庞大,7-9
旁观,7-9
抛,7-9
抛开,7-9
抛弃,7-9
刨,7-9
跑车,7-9
跑道,7-9
跑龙套,7-9
泡沫,7-9
胚胎,7-9
陪伴,7-9
陪葬,7-9
赔钱,7-9
佩服,7-9
配件,7-9
配偶,7-9
配送,7-9
配音,7-9
喷泉,7-9
抨击,7-9
烹调,7-9
蓬勃,7-9
鹏程万里,7-9
膨胀,7-9
捧,7-9
捧场,7-9
碰钉子,7-9
碰巧,7-9
碰上,7-9
碰撞,7-9
批发,7-9
批判,7-9
披露,7-9
劈,7-9
皮带,7-9
疲惫,7-9
疲惫不堪,7-9
疲倦,7-9
疲劳,7-9
脾,7-9
匹配,7-9
媲美,7-9
僻静,7-9
譬如,7-9
譬如说,7-9
片子,7-9
偏差,7-9
偏方,7-9
偏见,7-9
偏僻,7-9
偏偏,7-9
偏向,7-9
偏远,7-9
篇幅,7-9
片段,7-9
骗人,7-9
漂,7-9
飘,7-9
票房,7-9
撇,7-9
拼搏,7-9
拼命,7-9
贫富,7-9
贫穷,7-9
频率,7-9
频频,7-9
品尝,7-9
品德,7-9
品位,7-9
品行,7-9
聘,7-9
聘任,7-9
聘用,7-9
乒乓球,7-9
平常心,7-9
平淡,7-9
平和,7-9
平价,7-9
平面,7-9
平民,7-9
平日,7-9
平息,7-9
评定,7-9
评论员,7-9
评判,7-9
评审,7-9
评委,7-9
凭借,7-9
凭着,7-9
凭证,7-9
瓶颈,7-9
萍水相逢,7-9
泼冷水,7-9
颇,7-9
迫不及待,7-9
迫害,7-9
迫使,7-9
破案,7-9
破除,7-9
破解,7-9
破旧,7-9
破裂,7-9
破灭,7-9
破碎,7-9
魄力,7-9
扑克,7-9
扑面而来,7-9
铺路,7-9
菩萨,7-9
朴实,7-9
朴素,7-9
普通人,7-9
谱,7-9
瀑布,7-9
七嘴八舌,7-9
沏,7-9
凄凉,7-9
期盼,7-9
欺骗,7-9
欺诈,7-9
漆,7-9
齐心协力,7-9
其后,7-9
其间,7-9
奇花异草,7-9
奇迹,7-9
奇特,7-9
歧视,7-9
祈祷,7-9
棋,7-9
棋子,7-9
旗袍,7-9
旗帜,7-9
乞丐,7-9
乞求,7-9
乞讨,7-9
岂有此理,7-9
启迪,7-9
启蒙,7-9
启示,7-9
起步,7-9
起草,7-9
起程,7-9
起初,7-9
起伏,7-9
起劲,7-9
起跑线,7-9
起源,7-9
气愤,7-9
气管,7-9
气馁,7-9
气派,7-9
气泡,7-9
气魄,7-9
气势,7-9
气味,7-9
气息,7-9
气质,7-9
迄今,7-9
迄今为止,7-9
契机,7-9
契约,7-9
器材,7-9
器械,7-9
掐,7-9
卡子,7-9
洽谈,7-9
恰到好处,7-9
恰恰相反,7-9
恰巧,7-9
恰如其分,7-9
千变万化,7-9
千方百计,7-9
千家万户,7-9
千军万马,7-9
千钧一发,7-9
迁,7-9
迁就,7-9
迁移,7-9
牵扯,7-9
牵挂,7-9
牵涉,7-9
牵头,7-9
牵制,7-9
铅,7-9
谦逊,7-9
签署,7-9
前辈,7-9
前不久,7-9
前赴后继,7-9
前期,7-9
前任,7-9
前所未有,7-9
前台,7-9
前无古人,7-9
前夕,7-9
前线,7-9
前沿,7-9
前仰后合,7-9
前者,7-9
虔诚,7-9
钱财,7-9
钳子,7-9
潜能,7-9
潜水,7-9
潜艇,7-9
潜移默化,7-9
潜在,7-9
谴责,7-9
欠缺,7-9
欠条,7-9
歉意,7-9
呛,7-9
枪毙,7-9
腔,7-9
强加,7-9
强劲,7-9
强项,7-9
强行,7-9
强硬,7-9
强占,7-9
强制,7-9
抢夺,7-9
抢劫,7-9
抢眼,7-9
敲边鼓,7-9
敲诈,7-9
乔装,7-9
瞧不起,7-9
巧合,7-9
窍门,7-9
翘,7-9
撬,7-9
切除,7-9
切断,7-9
切割,7-9
且,7-9
切身,7-9
窃取,7-9
钦佩,7-9
侵害,7-9
侵略,7-9
侵权,7-9
侵占,7-9
亲和力,7-9
亲近,7-9
亲朋好友,7-9
亲戚,7-9
亲情,7-9
亲热,7-9
亲身,7-9
亲生,7-9
亲手,7-9
亲友,7-9
勤工俭学,7-9
勤快,7-9
勤劳,7-9
寝室,7-9
青春期,7-9
青蛙,7-9
轻而易举,7-9
轻蔑,7-9
轻微,7-9
轻型,7-9
倾家荡产,7-9
倾诉,7-9
倾听,7-9
倾销,7-9
倾斜,7-9
清除,7-9
清脆,7-9
清单,7-9
清淡,7-9
清静,7-9
清凉,7-9
清明,7-9
清晰,7-9
清新,7-9
清真寺,7-9
情,7-9
情报,7-9
情不自禁,7-9
情调,7-9
情怀,7-9
情结,7-9
情侣,7-9
情人,7-9
情谊,7-9
情愿,7-9
请柬,7-9
请帖,7-9
庆典,7-9
庆贺,7-9
庆幸,7-9
丘陵,7-9
囚犯,7-9
求婚,7-9
求救,7-9
求学,7-9
求医,7-9
求证,7-9
求助,7-9
曲线,7-9
曲折,7-9
驱动,7-9
驱逐,7-9
屈服,7-9
趋于,7-9
曲,7-9
取代,7-9
取缔,7-9
取而代之,7-9
取经,7-9
取决于,7-9
取暖,7-9
取胜,7-9
取笑,7-9
娶,7-9
去除,7-9
去处,7-9
去向,7-9
趣味,7-9
圈套,7-9
圈子,7-9
权衡,7-9
权威,7-9
权益,7-9
全长,7-9
全程,7-9
全方位,7-9
全局,7-9
全力以赴,7-9
全能,7-9
全文,7-9
全心全意,7-9
拳,7-9
拳头,7-9
劝告,7-9
劝说,7-9
劝阻,7-9
缺口,7-9
缺失,7-9
缺席,7-9
确切,7-9
确信,7-9
确凿,7-9
确诊,7-9
燃放,7-9
燃气,7-9
燃油,7-9
嚷,7-9
让步,7-9
饶,7-9
饶恕,7-9
扰乱,7-9
绕行,7-9
惹,7-9
热潮,7-9
热带,7-9
热气,7-9
热气球,7-9
热腾腾,7-9
热衷,7-9
人次,7-9
人道,7-9
人格,7-9
人工智能,7-9
人均,7-9
人品,7-9
人气,7-9
人情,7-9
人身,7-9
人事,7-9
人手,7-9
人体,7-9
人为,7-9
人文,7-9
人行道,7-9
人性,7-9
人选,7-9
人缘儿,7-9
人造,7-9
人质,7-9
仁慈,7-9
忍饥挨饿,7-9
忍耐,7-9
忍心,7-9
认错,7-9
认证,7-9
认知,7-9
任命,7-9
任期,7-9
任人宰割,7-9
任意,7-9
任职,7-9
韧性,7-9
日程,7-9
日复一日,7-9
日后,7-9
日前,7-9
日趋,7-9
日新月异,7-9
日益,7-9
荣获,7-9
荣幸,7-9
荣誉,7-9
容光焕发,7-9
容量,7-9
容纳,7-9
容忍,7-9
容许,7-9
容颜,7-9
溶解,7-9
融,7-9
融化,7-9
融洽,7-9
冗长,7-9
柔和,7-9
柔软,7-9
揉,7-9
如果说,7-9
如实,7-9
如意,7-9
如愿以偿,7-9
如醉如痴,7-9
儒家,7-9
儒学,7-9
入场,7-9
入场券,7-9
入境,7-9
入侵,7-9
入选,7-9
软弱,7-9
软实力,7-9
瑞雪,7-9
润,7-9
若干,7-9
弱点,7-9
弱势,7-9
撒,7-9
撒谎,7-9
赛车,7-9
赛跑,7-9
三番五次,7-9
三角,7-9
三维,7-9
散布,7-9
散发,7-9
桑拿,7-9
嗓子,7-9
丧生,7-9
骚乱,7-9
骚扰,7-9
扫除,7-9
扫描,7-9
扫墓,7-9
扫兴,7-9
嫂子,7-9
僧人,7-9
杀害,7-9
杀手,7-9
沙龙,7-9
沙滩,7-9
纱,7-9
刹车,7-9
砂糖,7-9
鲨鱼,7-9
傻瓜,7-9
筛,7-9
筛选,7-9
晒太阳,7-9
山川,7-9
山顶,7-9
山冈,7-9
山岭,7-9
山路,7-9
山寨,7-9
删,7-9
删除,7-9
煽动,7-9
闪烁,7-9
善,7-9
善意,7-9
擅长,7-9
擅自,7-9
膳食,7-9
赡养,7-9
伤残,7-9
伤感,7-9
伤痕,7-9
伤脑筋,7-9
伤势,7-9
商贩,7-9
商贾,7-9
商讨,7-9
上报,7-9
上场,7-9
上方,7-9
上岗,7-9
上火,7-9
上空,7-9
上流,7-9
上期,7-9
上任,7-9
上述,7-9
上司,7-9
上诉,7-9
上调,7-9
上头,7-9
上限,7-9
上旬,7-9
上瘾,7-9
上映,7-9
上游,7-9
尚,7-9
尚未,7-9
捎,7-9
烧毁,7-9
烧烤,7-9
稍后,7-9
稍候,7-9
稍稍,7-9
少不了,7-9
少见,7-9
少量,7-9
少有,7-9
少林寺,7-9
少女,7-9
奢侈,7-9
奢望,7-9
设,7-9
设定,7-9
设法,7-9
社会主义,7-9
社交,7-9
社论,7-9
社团,7-9
涉嫌,7-9
摄氏度,7-9
谁知道,7-9
申办,7-9
申报,7-9
申领,7-9
伸手,7-9
伸缩,7-9
伸张,7-9
身不由己,7-9
身价,7-9
身躯,7-9
身心,7-9
身影,7-9
身子,7-9
绅士,7-9
深奥,7-9
深切,7-9
深情,7-9
深入人心,7-9
深受,7-9
深思,7-9
深信,7-9
深夜,7-9
深远,7-9
神气,7-9
神圣,7-9
神态,7-9
神仙,7-9
宙,7-9
审定,7-9
审核,7-9
审美,7-9
审判,7-9
审批,7-9
审视,7-9
肾,7-9
甚至于,7-9
渗,7-9
渗透,7-9
慎重,7-9
升温,7-9
生机,7-9
生理,7-9
生命线,7-9
生怕,7-9
生平,7-9
生前,7-9
生死,7-9
生态,7-9
生物,7-9
生效,7-9
生涯,7-9
生硬,7-9
生育,7-9
声称,7-9
声望,7-9
声誉,7-9
牲畜,7-9
绳子,7-9
省略,7-9
省事,7-9
圣贤,7-9
胜出,7-9
胜任,7-9
盛大,7-9
盛会,7-9
盛开,7-9
盛气凌人,7-9
剩余,7-9
尸体,7-9
失传,7-9
失控,7-9
失利,7-9
失恋,7-9
失灵,7-9
失落,7-9
失眠,7-9
失明,7-9
失效,7-9
失业率,7-9
失踪,7-9
师范,7-9
师长,7-9
师资,7-9
狮子,7-9
施工,7-9
施加,7-9
施行,7-9
施压,7-9
湿度,7-9
湿润,7-9
十字路口,7-9
时不时,7-9
时段,7-9
时隔,7-9
时好时坏,7-9
时间表,7-9
时空,7-9
时髦,7-9
时尚,7-9
时速,7-9
识别,7-9
实地,7-9
实话,7-9
实话实说,7-9
实况,7-9
实事求是,7-9
实体,7-9
实物,7-9
实质,7-9
食宿,7-9
食用,7-9
史无前例,7-9
使唤,7-9
使命,7-9
使者,7-9
士气,7-9
示威,7-9
示意,7-9
世代,7-9
世故,7-9
世界级,7-9
世袭,7-9
市场经济,7-9
势必,7-9
势不可当,7-9
势头,7-9
事迹,7-9
事态,7-9
事务,7-9
事务所,7-9
事项,7-9
事宜,7-9
侍候,7-9
试探,7-9
试行,7-9
试用,7-9
试用期,7-9
视察,7-9
视角,7-9
视觉,7-9
视力,7-9
视线,7-9
视野,7-9
柿子,7-9
是非,7-9
适度,7-9
适量,7-9
适时,7-9
适宜,7-9
逝世,7-9
释放,7-9
嗜好,7-9
收复,7-9
收据,7-9
收敛,7-9
收留,7-9
收买,7-9
收视率,7-9
收缩,7-9
收支,7-9
手臂,7-9
手册,7-9
手动,7-9
手脚,7-9
手帕,7-9
手枪,7-9
手势,7-9
手术室,7-9
手头,7-9
手腕,7-9
手艺,7-9
手掌,7-9
守候,7-9
守护,7-9
守株待兔,7-9
首创,7-9
首府,7-9
首批,7-9
首饰,7-9
首要,7-9
寿命,7-9
受过,7-9
受害,7-9
受害人,7-9
受贿,7-9
受惊,7-9
受苦,7-9
受理,7-9
受骗,7-9
受益,7-9
授权,7-9
授予,7-9
售价,7-9
售票,7-9
书橱,7-9
书籍,7-9
书记,7-9
书面,7-9
书写,7-9
抒情,7-9
枢纽,7-9
梳,7-9
梳理,7-9
梳子,7-9
舒畅,7-9
疏导,7-9
疏忽,7-9
疏散,7-9
疏通,7-9
输家,7-9
输送,7-9
输血,7-9
输液,7-9
赎,7-9
暑期,7-9
属性,7-9
曙光,7-9
束缚,7-9
树立,7-9
树木,7-9
树梢,7-9
树荫,7-9
树枝,7-9
竖,7-9
数额,7-9
数据库,7-9
刷新,7-9
耍,7-9
耍赖,7-9
衰减,7-9
衰竭,7-9
衰老,7-9
衰弱,7-9
衰退,7-9
摔跤,7-9
甩,7-9
拴,7-9
涮,7-9
双胞胎,7-9
双边,7-9
双重,7-9
双向,7-9
双赢,7-9
霜,7-9
爽快,7-9
水槽,7-9
水稻,7-9
水管,7-9
水壶,7-9
水货,7-9
水晶,7-9
水利,7-9
水灵灵,7-9
水龙头,7-9
水落石出,7-9
水面,7-9
水手,7-9
水温,7-9
水域,7-9
水源,7-9
水涨船高,7-9
水准,7-9
税收,7-9
税务,7-9
睡袋,7-9
顺便,7-9
顺差,7-9
顺畅,7-9
顺从,7-9
顺理成章,7-9
顺路,7-9
顺其自然,7-9
顺势,7-9
顺手,7-9
顺心,7-9
顺应,7-9
顺着,7-9
瞬间,7-9
说白了,7-9
说不上,7-9
说到底,7-9
说道,7-9
说干就干,7-9
说谎,7-9
说老实话,7-9
说起来,7-9
说情,7-9
说闲话,7-9
说真的,7-9
硕果,7-9
司法,7-9
司空见惯,7-9
司令,7-9
丝,7-9
丝绸,7-9
丝毫,7-9
私房钱,7-9
私家车,7-9
私立,7-9
私事,7-9
私下,7-9
私营,7-9
私有,7-9
私自,7-9
思路,7-9
思念,7-9
思前想后,7-9
思索,7-9
撕,7-9
死心,7-9
死心塌地,7-9
四合院,7-9
四季,7-9
四面八方,7-9
寺庙,7-9
似曾相识,7-9
似是而非,7-9
伺机,7-9
饲料,7-9
饲养,7-9
松绑,7-9
松弛,7-9
耸立,7-9
送别,7-9
搜查,7-9
搜集,7-9
搜救,7-9
搜寻,7-9
艘,7-9
苏醒,7-9
酥,7-9
俗,7-9
俗话,7-9
俗话说,7-9
俗语,7-9
诉苦,7-9
诉说,7-9
诉讼,7-9
素,7-9
素不相识,7-9
素材,7-9
素描,7-9
素食,7-9
素养,7-9
塑造,7-9
蒜,7-9
算计,7-9
算盘,7-9
算账,7-9
虽说,7-9
随处可见,7-9
随大溜,7-9
随机,7-9
随即,7-9
随身,7-9
随时随地,7-9
随心所欲,7-9
遂心,7-9
隧道,7-9
损,7-9
损坏,7-9
损人利己,7-9
损伤,7-9
缩,7-9
缩水,7-9
缩影,7-9
所属,7-9
所谓,7-9
所作所为,7-9
索赔,7-9
索取,7-9
索性,7-9
锁定,7-9
他人,7-9
塌,7-9
踏上,7-9
胎,7-9
胎儿,7-9
台球,7-9
太极,7-9
太极拳,7-9
太平,7-9
泰斗,7-9
贪,7-9
贪婪,7-9
贪玩儿,7-9
贪污,7-9
摊,7-9
瘫,7-9
瘫痪,7-9
坛,7-9
谈不上,7-9
谈到,7-9
谈论,7-9
谈起,7-9
弹性,7-9
痰,7-9
坦白,7-9
坦诚,7-9
坦克,7-9
坦然,7-9
坦率,7-9
毯子,7-9
炭,7-9
探,7-9
探测,7-9
探亲,7-9
探求,7-9
探望,7-9
探险,7-9
碳,7-9
汤圆,7-9
堂,7-9
糖果,7-9
糖尿病,7-9
倘若,7-9
淌,7-9
烫,7-9
掏钱,7-9
滔滔不绝,7-9
逃避,7-9
逃生,7-9
逃亡,7-9
陶瓷,7-9
陶冶,7-9
陶醉,7-9
淘,7-9
淘气,7-9
淘汰,7-9
讨,7-9
讨好,7-9
讨价还价,7-9
讨人喜欢,7-9
特产,7-9
特长,7-9
特例,7-9
特权,7-9
特邀,7-9
特制,7-9
特质,7-9
腾,7-9
藤椅,7-9
剔除,7-9
梯子,7-9
提拔,7-9
提炼,7-9
提名,7-9
提速,7-9
提心吊胆,7-9
提议,7-9
提早,7-9
体谅,7-9
体面,7-9
体能,7-9
体贴,7-9
体温,7-9
体系,7-9
体制,7-9
体质,7-9
剃,7-9
替换,7-9
替身,7-9
天长地久,7-9
天地,7-9
天鹅,7-9
天分,7-9
天赋,7-9
天经地义,7-9
天平,7-9
天桥,7-9
天生,7-9
天使,7-9
天线,7-9
天性,7-9
天主教,7-9
添加,7-9
甜美,7-9
甜蜜,7-9
甜头,7-9
填补,7-9
填充,7-9
填写,7-9
舔,7-9
挑剔,7-9
条款,7-9
条例,7-9
条约,7-9
调侃,7-9
调控,7-9
调料,7-9
调试,7-9
挑起,7-9
挑衅,7-9
跳槽,7-9
跳动,7-9
跳伞,7-9
跳跃,7-9
贴近,7-9
贴切,7-9
帖子,7-9
听从,7-9
听话,7-9
停泊,7-9
停车位,7-9
停电,7-9
停顿,7-9
停放,7-9
停业,7-9
通畅,7-9
通车,7-9
通风,7-9
通告,7-9
通缉,7-9
通顺,7-9
通俗,7-9
通通,7-9
通往,7-9
通宵,7-9
通行证,7-9
同伴,7-9
同步,7-9
同等,7-9
同感,7-9
同伙,7-9
同类,7-9
同盟,7-9
同年,7-9
同人,7-9
同志,7-9
同舟共济,7-9
铜,7-9
统筹,7-9
统统,7-9
统治,7-9
捅,7-9
桶,7-9
筒,7-9
痛心,7-9
偷看,7-9
偷窥,7-9
偷懒,7-9
头部,7-9
头顶,7-9
头号,7-9
头条,7-9
头头是道,7-9
头衔,7-9
头晕,7-9
投奔,7-9
投稿,7-9
投机,7-9
投射,7-9
投身,7-9
投降,7-9
透彻,7-9
透过,7-9
透气,7-9
透支,7-9
凸,7-9
凸显,7-9
秃,7-9
突发,7-9
突击,7-9
突破口,7-9
突如其来,7-9
图表,7-9
图像,7-9
图形,7-9
图纸,7-9
徒步,7-9
涂,7-9
屠杀,7-9
土匪,7-9
土壤,7-9
土生土长,7-9
团伙,7-9
团聚,7-9
团员,7-9
团圆,7-9
推测,7-9
推辞,7-9
推断,7-9
推翻,7-9
推荐,7-9
推理,7-9
推敲,7-9
推算,7-9
推卸,7-9
推选,7-9
推移,7-9
颓废,7-9
退回,7-9
退却,7-9
退让,7-9
退缩,7-9
退休金,7-9
退学,7-9
退役,7-9
屯,7-9
托付,7-9
拖累,7-9
拖欠,7-9
拖延,7-9
脱节,7-9
脱口而出,7-9
脱落,7-9
脱身,7-9
脱颖而出,7-9
驮,7-9
妥,7-9
妥当,7-9
妥善,7-9
妥协,7-9
拓宽,7-9
拓展,7-9
唾液,7-9
挖掘,7-9
挖苦,7-9
瓦,7-9
歪,7-9
歪曲,7-9
外表,7-9
外公,7-9
外行,7-9
外号,7-9
外籍,7-9
外贸,7-9
外貌,7-9
外婆,7-9
外企,7-9
外星人,7-9
外形,7-9
外援,7-9
丸,7-9
完备,7-9
完毕,7-9
完蛋,7-9
完好,7-9
玩耍,7-9
玩意儿,7-9
顽固,7-9
挽,7-9
挽回,7-9
挽救,7-9
晚间,7-9
晚年,7-9
晚期,7-9
惋惜,7-9
万分,7-9
万古长青,7-9
万能,7-9
万万,7-9
万无一失,7-9
汪洋,7-9
亡羊补牢,7-9
王国,7-9
王牌,7-9
网点,7-9
网民,7-9
往常,7-9
往返,7-9
往日,7-9
往事,7-9
妄想,7-9
忘不了,7-9
忘掉,7-9
旺,7-9
旺季,7-9
旺盛,7-9
望,7-9
望远镜,7-9
危及,7-9
危急,7-9
威风,7-9
威力,7-9
威慑,7-9
威信,7-9
微不足道,7-9
微观,7-9
微妙,7-9
微弱,7-9
微型,7-9
为人,7-9
违背,7-9
违约,7-9
违章,7-9
围墙,7-9
唯,7-9
唯独,7-9
伪造,7-9
伪装,7-9
尾气,7-9
尾声,7-9
纬度,7-9
委屈,7-9
委婉,7-9
委员,7-9
委员会,7-9
萎缩,7-9
卫视,7-9
未,7-9
未成年人,7-9
未经,7-9
未免,7-9
未知数,7-9
位子,7-9
味精,7-9
畏惧,7-9
畏缩,7-9
胃口,7-9
喂养,7-9
慰劳,7-9
温度计,7-9
温泉,7-9
温柔,7-9
温室,7-9
温习,7-9
温馨,7-9
瘟疫,7-9
文,7-9
文具,7-9
文科,7-9
文盲,7-9
文凭,7-9
文人,7-9
文物,7-9
文献,7-9
文雅,7-9
闻名,7-9
蚊帐,7-9
蚊子,7-9
吻,7-9
吻合,7-9
紊乱,7-9
稳固,7-9
稳健,7-9
稳妥,7-9
稳重,7-9
问卷,7-9
问世,7-9
窝,7-9
卧,7-9
污秽,7-9
巫婆,7-9
呜咽,7-9
屋顶,7-9
无比,7-9
无不,7-9
无偿,7-9
无敌,7-9
无恶不作,7-9
无非,7-9
无辜,7-9
无故,7-9
无关紧要,7-9
无话可说,7-9
无济于事,7-9
无家可归,7-9
无精打采,7-9
无可奉告,7-9
无可厚非,7-9
无可奈何,7-9
无理,7-9
无力,7-9
无论如何,7-9
无能,7-9
无能为力,7-9
无情,7-9
无情无义,7-9
无穷,7-9
无私,7-9
无所事事,7-9
无所作为,7-9
无条件,7-9
无微不至,7-9
无线,7-9
无线电,7-9
无形,7-9
无形中,7-9
无须,7-9
无意,7-9
无忧无虑,7-9
无缘,7-9
无知,7-9
无足轻重,7-9
五花八门,7-9
五星级,7-9
武力,7-9
武装,7-9
侮辱,7-9
捂,7-9
舞厅,7-9
勿,7-9
务必,7-9
务实,7-9
物流,7-9
物体,7-9
物证,7-9
物资,7-9
误差,7-9
误导,7-9
误区,7-9
雾,7-9
吸纳,7-9
吸取,7-9
昔日,7-9
息息相关,7-9
稀,7-9
稀罕,7-9
稀奇,7-9
稀少,7-9
锡,7-9
熙熙攘攘,7-9
熄火,7-9
膝盖,7-9
嬉笑,7-9
习俗,7-9
席,7-9
席位,7-9
袭击,7-9
媳妇,7-9
洗涤剂,7-9
洗礼,7-9
喜出望外,7-9
喜好,7-9
喜酒,7-9
喜怒哀乐,7-9
喜庆,7-9
喜事,7-9
喜糖,7-9
喜洋洋,7-9
喜悦,7-9
细腻,7-9
细微,7-9
细心,7-9
虾,7-9
瞎,7-9
侠义,7-9
峡谷,7-9
狭隘,7-9
狭小,7-9
狭窄,7-9
下场,7-9
下跌,7-9
下岗,7-9
下功夫,7-9
下海,7-9
下级,7-9
下决心,7-9
下令,7-9
下落,7-9
下期,7-9
下棋,7-9
下山,7-9
下手,7-9
下属,7-9
下台,7-9
下调,7-9
下乡,7-9
下旬,7-9
下一代,7-9
下意识,7-9
下游,7-9
下坠,7-9
吓唬,7-9
吓人,7-9
夏令营,7-9
仙鹤,7-9
仙女,7-9
先例,7-9
先天,7-9
纤维,7-9
掀,7-9
掀起,7-9
鲜活,7-9
鲜美,7-9
鲜血,7-9
弦,7-9
衔接,7-9
嫌弃,7-9
嫌疑,7-9
显而易见,7-9
显赫,7-9
显示器,7-9
显现,7-9
显眼,7-9
现成,7-9
现任,7-9
现行,7-9
限,7-9
限定,7-9
限度,7-9
限于,7-9
线条,7-9
宪法,7-9
陷,7-9
陷阱,7-9
馅儿,7-9
羡慕,7-9
献血,7-9
腺,7-9
乡亲,7-9
乡下,7-9
相伴,7-9
相比之下,7-9
相差,7-9
相传,7-9
相当于,7-9
相对,7-9
相对而言,7-9
相辅相成,7-9
相继,7-9
相连,7-9
相识,7-9
相提并论,7-9
相通,7-9
相依为命,7-9
相遇,7-9
相约,7-9
香料,7-9
香水,7-9
香味,7-9
香烟,7-9
香油,7-9
镶,7-9
镶嵌,7-9
详尽,7-9
祥和,7-9
享,7-9
享有,7-9
响亮,7-9
响起,7-9
响应,7-9
想方设法,7-9
向来,7-9
向往,7-9
向着,7-9
项链,7-9
像样,7-9
橡胶,7-9
橡皮,7-9
削,7-9
消,7-9
消沉,7-9
消遣,7-9
萧条,7-9
销,7-9
销毁,7-9
销量,7-9
潇洒,7-9
小丑,7-9
小贩,7-9
小看,7-9
小康,7-9
小路,7-9
小品,7-9
小气,7-9
小区,7-9
小曲,7-9
小人,7-9
小提琴,7-9
小溪,7-9
小心翼翼,7-9
小卒,7-9
孝敬,7-9
孝顺,7-9
肖像,7-9
效仿,7-9
效力,7-9
效益,7-9
效应,7-9
协定,7-9
协同,7-9
协作,7-9
邪,7-9
邪恶,7-9
挟持,7-9
携带,7-9
携手,7-9
写照,7-9
泄,7-9
泄漏,7-9
泄露,7-9
泄密,7-9
泄气,7-9
泻,7-9
卸,7-9
心爱,7-9
心安理得,7-9
心病,7-9
心肠,7-9
心得,7-9
心慌,7-9
心急如焚,7-9
心里话,7-9
心灵手巧,7-9
心目,7-9
心声,7-9
心事,7-9
心思,7-9
心酸,7-9
心想事成,7-9
心胸,7-9
心血,7-9
心眼儿,7-9
心意,7-9
芯片,7-9
辛勤,7-9
辛酸,7-9
欣慰,7-9
欣喜,7-9
欣欣向荣,7-9
新潮,7-9
新陈代谢,7-9
新房,7-9
新款,7-9
新奇,7-9
新生,7-9
新式,7-9
新手,7-9
新颖,7-9
信贷,7-9
信件,7-9
信赖,7-9
信誉,7-9
兴奋剂,7-9
兴建,7-9
兴起,7-9
星座,7-9
猩猩,7-9
腥,7-9
刑法,7-9
行使,7-9
行政,7-9
行走,7-9
形形色色,7-9
形影不离,7-9
醒来,7-9
醒目,7-9
醒悟,7-9
兴高采烈,7-9
兴致,7-9
幸存,7-9
幸好,7-9
幸亏,7-9
幸免,7-9
性价比,7-9
性命,7-9
性情,7-9
姓氏,7-9
凶残,7-9
凶恶,7-9
凶狠,7-9
凶猛,7-9
汹涌,7-9
胸膛,7-9
胸有成竹,7-9
雄厚,7-9
休克,7-9
休眠,7-9
休想,7-9
休养,7-9
修补,7-9
修长,7-9
修订,7-9
修路,7-9
修正,7-9
羞愧,7-9
秀丽,7-9
秀美,7-9
袖手旁观,7-9
绣,7-9
锈,7-9
嗅觉,7-9
须,7-9
虚,7-9
虚构,7-9
虚幻,7-9
虚假,7-9
虚拟,7-9
虚弱,7-9
虚伪,7-9
需,7-9
徐徐,7-9
许,7-9
许可证,7-9
旭日,7-9
序,7-9
序幕,7-9
叙述,7-9
酗酒,7-9
续,7-9
絮叨,7-9
宣称,7-9
宣读,7-9
宣告,7-9
宣誓,7-9
宣泄,7-9
宣言,7-9
宣扬,7-9
喧哗,7-9
喧闹,7-9
玄,7-9
玄机,7-9
悬挂,7-9
悬念,7-9
悬殊,7-9
悬崖,7-9
旋律,7-9
旋涡,7-9
选民,7-9
选项,7-9
选用,7-9
炫耀,7-9
削弱,7-9
靴子,7-9
穴位,7-9
学历,7-9
学士,7-9
学说,7-9
学堂,7-9
学业,7-9
学艺,7-9
学子,7-9
雪山,7-9
雪上加霜,7-9
血脉,7-9
血栓,7-9
血压,7-9
血缘,7-9
勋章,7-9
熏,7-9
熏陶,7-9
寻,7-9
寻常,7-9
寻觅,7-9
巡逻,7-9
循序渐进,7-9
训,7-9
驯,7-9
逊色,7-9
丫头,7-9
压倒,7-9
压缩,7-9
压抑,7-9
压制,7-9
押,7-9
鸦雀无声,7-9
牙齿,7-9
牙膏,7-9
芽,7-9
哑,7-9
咽喉,7-9
烟囱,7-9
烟火,7-9
淹,7-9
延,7-9
延缓,7-9
延误,7-9
严谨,7-9
严禁,7-9
严峻,7-9
严密,7-9
言辞,7-9
言论,7-9
言行,7-9
岩石,7-9
炎热,7-9
炎症,7-9
沿岸,7-9
沿途,7-9
沿线,7-9
研讨,7-9
阎王,7-9
衍生,7-9
掩盖,7-9
掩护,7-9
掩饰,7-9
眼红,7-9
眼界,7-9
眼色,7-9
眼神,7-9
眼下,7-9
演变,7-9
演播室,7-9
演技,7-9
演练,7-9
演示,7-9
演说,7-9
演习,7-9
演戏,7-9
演艺圈,7-9
演绎,7-9
厌烦,7-9
厌倦,7-9
咽,7-9
艳丽,7-9
验,7-9
验收,7-9
验证,7-9
焰火,7-9
燕子,7-9
秧歌,7-9
扬,7-9
阳性,7-9
杨树,7-9
洋溢,7-9
养活,7-9
养老金,7-9
养老院,7-9
养生,7-9
养殖,7-9
氧,7-9
痒,7-9
样本,7-9
样品,7-9
妖怪,7-9
邀,7-9
窑,7-9
谣言,7-9
摇摆,7-9
摇滚,7-9
摇晃,7-9
摇篮,7-9
摇摇欲坠,7-9
遥控,7-9
遥远,7-9
药材,7-9
药方,7-9
要不,7-9
要不是,7-9
要点,7-9
要害,7-9
要紧,7-9
要领,7-9
要命,7-9
要强,7-9
钥匙,7-9
耀眼,7-9
椰子,7-9
也就是说,7-9
野餐,7-9
野炊,7-9
野蛮,7-9
野兽,7-9
野外,7-9
野心,7-9
野营,7-9
业,7-9
业绩,7-9
夜班,7-9
夜市,7-9
夜晚,7-9
夜校,7-9
夜以继日,7-9
夜总会,7-9
液晶,7-9
液体,7-9
一把手,7-9
一线,7-9
一一,7-9
伊斯兰教,7-9
衣食住行,7-9
医务,7-9
依,7-9
依托,7-9
依依不舍,7-9
一不小心,7-9
一刹那,7-9
一大早,7-9
一动不动,7-9
一度,7-9
一概,7-9
一概而论,7-9
一个劲儿,7-9
一晃,7-9
一技之长,7-9
一面,7-9
一目了然,7-9
一事无成,7-9
一瞬间,7-9
一味,7-9
一系列,7-9
一阵,7-9
仪表,7-9
恰然自得,7-9
姨,7-9
移交,7-9
移植,7-9
遗留,7-9
遗弃,7-9
遗体,7-9
遗忘,7-9
遗物,7-9
遗愿,7-9
遗址,7-9
遗嘱,7-9
疑点,7-9
疑惑,7-9
疑虑,7-9
以,7-9
以免,7-9
以身作则,7-9
以至于,7-9
以致,7-9
矣,7-9
倚,7-9
一长一短,7-9
一成不变,7-9
一筹莫展,7-9
一帆风顺,7-9
一干二净,7-9
一鼓作气,7-9
一锅粥,7-9
一回事,7-9
一家人,7-9
一经,7-9
一举,7-9
一举一动,7-9
一卡通,7-9
一揽子,7-9
一连,7-9
一连串,7-9
一毛不拔,7-9
一年到头,7-9
一旁,7-9
一如既往,7-9
一声不吭,7-9
一手,7-9
一塌糊涂,7-9
一体,7-9
一天到晚,7-9
一头,7-9
一无所有,7-9
一无所知,7-9
一心,7-9
一心一意,7-9
一言不发,7-9
一言一行,7-9
一眼,7-9
一应俱全,7-9
一早,7-9
义工,7-9
议,7-9
议程,7-9
议会,7-9
议员,7-9
屹立,7-9
亦,7-9
异口同声,7-9
异想天开,7-9
异性,7-9
异议,7-9
抑扬顿挫,7-9
抑郁,7-9
抑郁症,7-9
抑制,7-9
译,7-9
易拉罐,7-9
疫苗,7-9
益处,7-9
意料,7-9
意料之外,7-9
意图,7-9
意向,7-9
溢,7-9
毅力,7-9
毅然,7-9
因人而异,7-9
阴暗,7-9
阴性,7-9
音响,7-9
殷勤,7-9
银幕,7-9
引发,7-9
引经据典,7-9
引领,7-9
引擎,7-9
引人人胜,7-9
引人注目,7-9
引入,7-9
引用,7-9
引诱,7-9
饮水,7-9
饮用水,7-9
隐蔽,7-9
隐患,7-9
隐瞒,7-9
隐情,7-9
隐身,7-9
隐形,7-9
隐性,7-9
隐约,7-9
瘾,7-9
印刷术,7-9
印章,7-9
印证,7-9
应有尽有,7-9
英镑,7-9
英俊,7-9
婴儿,7-9
鹰,7-9
迎,7-9
迎合,7-9
荧光,7-9
盈利,7-9
营救,7-9
营造,7-9
赢家,7-9
影像,7-9
应酬,7-9
应付,7-9
应聘,7-9
应邀,7-9
映,7-9
硬币,7-9
硬朗,7-9
硬盘,7-9
拥护,7-9
拥挤,7-9
庸俗,7-9
永不,7-9
永恒,7-9
永久,7-9
勇往直前,7-9
勇于,7-9
涌,7-9
涌入,7-9
涌现,7-9
踊跃,7-9
用餐,7-9
用功,7-9
用力,7-9
用人,7-9
用意,7-9
优,7-9
优化,7-9
优雅,7-9
优异,7-9
优越,7-9
忧愁,7-9
忧虑,7-9
忧郁,7-9
悠久,7-9
悠闲,7-9
尤为,7-9
由此看来,7-9
由此可见,7-9
由来,7-9
由衷,7-9
邮编,7-9
邮政,7-9
犹如,7-9
犹豫不决,7-9
油画,7-9
游船,7-9
游览,7-9
友情,7-9
友人,7-9
友善,7-9
有待,7-9
有的放矢,7-9
有机,7-9
有口无心,7-9
有两下子,7-9
有声有色,7-9
有所,7-9
有所不同,7-9
有望,7-9
有效期,7-9
有幸,7-9
有序,7-9
有益,7-9
有意,7-9
有朝一日,7-9
有助于,7-9
幼稚,7-9
诱饵,7-9
诱发,7-9
诱惑,7-9
诱人,7-9
余,7-9
余地,7-9
余额,7-9
渔船,7-9
渔民,7-9
逾期,7-9
愚蠢,7-9
愚公移山,7-9
舆论,7-9
与此同时,7-9
与否,7-9
与其,7-9
与日俱增,7-9
与时俱进,7-9
与众不同,7-9
予以,7-9
宇宙,7-9
语气,7-9
浴室,7-9
预定,7-9
预感,7-9
预告,7-9
预见,7-9
预料,7-9
预赛,7-9
预示,7-9
预售,7-9
预算,7-9
预先,7-9
预言,7-9
预兆,7-9
欲望,7-9
遇难,7-9
遇上,7-9
遇险,7-9
寓言,7-9
寓意,7-9
愈合,7-9
愈来愈,7-9
愈演愈烈,7-9
冤,7-9
冤枉,7-9
渊源,7-9
元老,7-9
元首,7-9
元宵节,7-9
原本,7-9
原材料,7-9
原创,7-9
原地,7-9
原型,7-9
原汁原味,7-9
原装,7-9
圆形,7-9
缘分,7-9
源泉,7-9
源头,7-9
源于,7-9
源源不断,7-9
远程,7-9
远见,7-9
远近闻名,7-9
怨恨,7-9
怨气,7-9
怨言,7-9
院士,7-9
曰,7-9
约定俗成,7-9
月初,7-9
月票,7-9
乐器,7-9
岳父,7-9
岳母,7-9
阅历,7-9
悦耳,7-9
越发,7-9
越过,7-9
晕倒,7-9
陨石,7-9
孕妇,7-9
孕育,7-9
运河,7-9
运送,7-9
运营,7-9
运转,7-9
酝酿,7-9
韵味,7-9
蕴藏,7-9
蕴涵,7-9
杂技,7-9
杂交,7-9
杂乱无章,7-9
砸,7-9
栽,7-9
栽培,7-9
宰,7-9
再度,7-9
再现,7-9
在线,7-9
在意,7-9
在职,7-9
载体,7-9
攒,7-9
暂,7-9
赞不绝口,7-9
赞美,7-9
赞叹,7-9
赞叹不已,7-9
赞同,7-9
赞许,7-9
赞扬,7-9
葬,7-9
葬礼,7-9
遭殃,7-9
凿,7-9
早年,7-9
早日,7-9
枣,7-9
造福,7-9
造假,7-9
造价,7-9
造就,7-9
造纸术,7-9
噪声,7-9
噪音,7-9
则,7-9
责备,7-9
责怪,7-9
贼,7-9
增收,7-9
增添,7-9
扎根,7-9
渣子,7-9
闸,7-9
眨眼,7-9
诈骗,7-9
榨,7-9
窄,7-9
债务,7-9
占卜,7-9
沾,7-9
沾光,7-9
粘,7-9
瞻仰,7-9
斩,7-9
斩草除根,7-9
盏,7-9
展出,7-9
展览会,7-9
展望,7-9
崭新,7-9
占用,7-9
站立,7-9
绽放,7-9
蘸,7-9
张灯结彩,7-9
张贴,7-9
张扬,7-9
长辈,7-9
长相,7-9
掌管,7-9
帐篷,7-9
帐子,7-9
账单,7-9
账号,7-9
胀,7-9
招标,7-9
招待,7-9
招待会,7-9
招揽,7-9
招募,7-9
招牌,7-9
招收,7-9
招数,7-9
朝气蓬勃,7-9
朝三暮四,7-9
朝夕相处,7-9
着迷,7-9
沼泽,7-9
召集,7-9
兆头,7-9
照办,7-9
照常,7-9
照例,7-9
照料,7-9
照明,7-9
罩,7-9
肇事,7-9
折腾,7-9
遮,7-9
遮盖,7-9
折叠,7-9
折合,7-9
折扣,7-9
折磨,7-9
折射,7-9
这会儿,7-9
这样一来,7-9
针锋相对,7-9
针灸,7-9
侦察,7-9
珍藏,7-9
珍视,7-9
珍重,7-9
真假,7-9
真空,7-9
真情,7-9
真是的,7-9
真心,7-9
真挚,7-9
诊所,7-9
枕头,7-9
阵容,7-9
阵营,7-9
振奋,7-9
振兴,7-9
振作,7-9
震,7-9
震动,7-9
震撼,7-9
镇定,7-9
争吵,7-9
争端,7-9
争分夺秒,7-9
争光,7-9
争气,7-9
争先恐后,7-9
争执,7-9
征,7-9
征集,7-9
征收,7-9
挣扎,7-9
症结,7-9
睁,7-9
蒸,7-9
拯救,7-9
整合,7-9
整洁,7-9
整数,7-9
正面,7-9
正能量,7-9
正视,7-9
正直,7-9
正宗,7-9
证人,7-9
郑重,7-9
之,7-9
之所以,7-9
支票,7-9
支柱,7-9
汁,7-9
芝麻,7-9
芝士,7-9
知己,7-9
知觉,7-9
知识分子,7-9
知足,7-9
肢体,7-9
脂肪,7-9
执法,7-9
执意,7-9
执照,7-9
执着,7-9
直奔,7-9
直达,7-9
直观,7-9
直径,7-9
直觉,7-9
直视,7-9
直至,7-9
值钱,7-9
职权,7-9
职业病,7-9
职员,7-9
止步,7-9
止咳,7-9
止血,7-9
旨在,7-9
指点,7-9
指教,7-9
指令,7-9
指南,7-9
指南针,7-9
指手画脚,7-9
指望,7-9
指向,7-9
指引,7-9
至此,7-9
至关重要,7-9
志气,7-9
制,7-9
制裁,7-9
制服,7-9
制品,7-9
制止,7-9
质地,7-9
质朴,7-9
质问,7-9
质疑,7-9
治学,7-9
治愈,7-9
致,7-9
致辞,7-9
致富,7-9
致敬,7-9
致力于,7-9
致命,7-9
致使,7-9
秩序,7-9
窒息,7-9
智商,7-9
滞后,7-9
滞留,7-9
置,7-9
中国画,7-9
中立,7-9
中途,7-9
中型,7-9
中性,7-9
中旬,7-9
中庸,7-9
中止,7-9
忠诚,7-9
忠实,7-9
忠于,7-9
忠贞,7-9
终结,7-9
终究,7-9
终生,7-9
衷心,7-9
肿瘤,7-9
种族,7-9
仲裁,7-9
众人,7-9
众所周知,7-9
众志成城,7-9
重创,7-9
重量级,7-9
重任,7-9
重伤,7-9
重心,7-9
重型,7-9
重中之重,7-9
周边,7-9
周到,7-9
周密,7-9
周旋,7-9
昼夜,7-9
皱,7-9
骤然,7-9
朱红,7-9
株,7-9
诸多,7-9
诸如此类,7-9
竹竿,7-9
逐年,7-9
主,7-9
主编,7-9
主妇,7-9
主力,7-9
主权,7-9
主人公,7-9
主食,7-9
主题歌,7-9
主演,7-9
主页,7-9
主义,7-9
主宰,7-9
拄,7-9
嘱咐,7-9
瞩目,7-9
助威,7-9
住处,7-9
住户,7-9
住宿,7-9
住址,7-9
贮藏,7-9
注,7-9
注定,7-9
注入,7-9
铸造,7-9
筑,7-9
爪子,7-9
拽,7-9
专长,7-9
专程,7-9
专柜,7-9
专栏,7-9
专卖店,7-9
专人,7-9
专职,7-9
专制,7-9
专注,7-9
专著,7-9
砖,7-9
转播,7-9
转达,7-9
转机,7-9
转交,7-9
转型,7-9
转学,7-9
转眼,7-9
转载,7-9
转折,7-9
转折点,7-9
传记,7-9
转悠,7-9
撰写,7-9
庄稼,7-9
庄严,7-9
庄园,7-9
桩,7-9
装扮,7-9
壮,7-9
壮大,7-9
壮胆,7-9
壮丽,7-9
壮实,7-9
状元,7-9
撞击,7-9
幢,7-9
追悼会,7-9
追赶,7-9
追溯,7-9
追随,7-9
追尾,7-9
追问,7-9
追逐,7-9
追踪,7-9
坠,7-9
准许,7-9
准则,7-9
拙劣,7-9
捉迷藏,7-9
灼热,7-9
卓越,7-9
酌情,7-9
着力,7-9
着落,7-9
着实,7-9
着手,7-9
着想,7-9
着眼,7-9
着眼于,7-9
着重,7-9
姿势,7-9
姿态,7-9
兹,7-9
资本主义,7-9
资历,7-9
资深,7-9
资讯,7-9
滋润,7-9
滋味,7-9
子弟,7-9
子孙,7-9
自卑,7-9
自称,7-9
自发,7-9
自费,7-9
自负,7-9
自理,7-9
自力更生,7-9
自立,7-9
自强不息,7-9
自然而然,7-9
自然界,7-9
自如,7-9
自始至终,7-9
自私,7-9
自私自利,7-9
自卫,7-9
自相矛盾,7-9
自信心,7-9
自行,7-9
自以为是,7-9
自由自在,7-9
自责,7-9
自助,7-9
自尊,7-9
自尊心,7-9
字迹,7-9
字幕,7-9
字体,7-9
字眼,7-9
宗,7-9
宗旨,7-9
综上所述,7-9
总的来说,7-9
总额,7-9
总而言之,7-9
总计,7-9
纵观,7-9
纵横交错,7-9
纵然,7-9
纵容,7-9
纵深,7-9
粽子,7-9
走过场,7-9
走后门,7-9
走近,7-9
走廊,7-9
走投无路,7-9
走弯路,7-9
奏效,7-9
揍,7-9
租赁,7-9
足迹,7-9
足智多谋,7-9
阻挡,7-9
阻拦,7-9
阻力,7-9
阻挠,7-9
组建,7-9
组装,7-9
祖传,7-9
祖籍,7-9
祖先,7-9
祖宗,7-9
钻空子,7-9
钻研,7-9
钻石,7-9
嘴唇,7-9
罪犯,7-9
罪魁祸首,7-9
尊贵,7-9
尊严,7-9
遵循,7-9
遵照,7-9
琢磨,7-9
左顾右盼,7-9
佐料,7-9
作弊,7-9
作对,7-9
作风,7-9
作客,7-9
作物,7-9
坐落,7-9
座谈,7-9
座右铭,7-9
做生意,7-9
做证,7-9
